id,inum_id,cbu,sku,qty,mrp
1,9533043309,LSPB1R5,LSPC0,3,0
2,9533043309,BPBY100,BPBY1,1,0
3,9533043309,BWIA100,BWIA1,1,0
4,9533043309,BWIB100,BWIB1,1,0
5,9533043309,CCBC100,CCBC1,2,0
6,9533043309,DWXC1R0,DWXC2,1,0
7,9533043309,DWXF1R0,DWXF2,1,0
8,9533043309,EBPA1R0,EBPA4,6,0
9,9533043309,ECOE100,ECOE1,2,0
10,9533043309,ECOF100,ECOF1,2,0
11,9533043309,ECOG100,ECOG1,2,0
12,9533043309,ECOH100,ECOH1,1,0
13,9533043309,EEDA1R4,EEDA9,48,0
14,9533043309,EEDC100,EEDC1,1,0
15,9533043309,EEPJ100,EEPJ1,24,0
16,9533043309,EFOE100,EFOE1,2,0
17,9533043309,EFOF100,EFOF1,2,0
18,9533043309,ELFF1R2,ELEB5,24,0
19,9533043309,ELFH1R0,LPMA8,1,0
20,9533043309,ELFI1R0,LPMA9,1,0
21,9533043309,ELLA1R1,ELLA4,24,0
22,9533043309,ELLB100,ELLB1,1,0
23,9533043309,ELVW100,ELVW1,4,0
24,9533043309,ELWN100,ELWN1,4,0
25,9533043309,ELWO100,ELWO1,1,0
26,9533043309,ELWQ100,ELWQ1,6,0
27,9533043309,ELWR100,ELWR1,3,0
28,9533043309,ELWU100,ELWU1,5,0
29,9533043309,EMBW100,EMBW0,1,0
30,9533043309,EMCX100,EMCX2,2,0
31,9533043309,EMDP100,EMDP2,2,0
32,9533043309,EMDP100,EMDP2,1,0
33,9533043309,EMDQ100,EMDQ0,3,0
34,9533043309,EMDR100,EMDR2,4,0
35,9533043309,EMDT100,EMDT0,1,0
36,9533043309,EMDW100,EMDW2,1,0
37,9533043309,EMEC100,EMEC2,2,0
38,9533043309,EMEC100,EMEC2,1,0
39,9533043309,EMED100,EMED2,3,0
40,9533043309,EMEF100,EMEF2,2,0
41,9533043309,EMEG100,EMEG2,3,0
42,9533043309,EMEI100,EMEI2,1,0
43,9533043309,EMEK100,EMEK2,1,0
44,9533043309,EMNX100,EMNX1,1,0
45,9533043309,EMNY100,EMNY1,3,0
46,9533043309,EMNZ100,EMNZ1,3,0
47,9533043309,EMOZ100,EMOZ1,3,0
48,9533043309,EMPR100,EMPR1,6,0
49,9533043309,EMPS100,EMPS1,4,0
50,9533043309,EMPT100,EMPT1,2,0
51,9533043309,EMPU100,EMPU1,1,0
52,9533043309,EMPV100,EMPV1,8,0
53,9533043309,EMPW100,EMPW1,2,0
54,9533043309,EMPY100,EMPY1,1,0
55,9533043309,EMPZ100,EMPZ1,1,0
56,9533043309,EMQN100,EMQN1,5,0
57,9533043309,EMQO100,EMQO1,2,0
58,9533043309,EMQP100,EMQP1,2,0
59,9533043309,EMQU100,EMQU1,1,0
60,9533043309,EMQV100,EMQV1,1,0
61,9533043309,EMQY100,EMQY1,1,0
62,9533043309,EMRQ100,EMRQ1,4,0
63,9533043309,EMRR100,EMRR1,5,0
64,9533043309,EMRS100,EMRS1,5,0
65,9533043309,EMRU100,EMRU1,2,0
66,9533043309,EMRV100,EMRV1,1,0
67,9533043309,EMRY100,EMRY1,1,0
68,9533043309,EMSO100,EMSO1,1,0
69,9533043309,EMSQ100,EMSQ1,1,0
70,9533043309,EMSS100,EMSS1,2,0
71,9533043309,EMSZ100,EMSZ1,1,0
72,9533043309,EMTX100,EMTX1,1,0
73,9533043309,EMUL100,EMUL1,2,0
74,9533043309,EMUP100,EMUP1,1,0
75,9533043309,EMUQ100,EMUQ1,3,0
76,9533043309,EMUR100,EMUR1,3,0
77,9533043309,EMUS100,EMUS1,3,0
78,9533043309,EMUT100,EMUT1,2,0
79,9533043309,EMUU100,EMUU1,3,0
80,9533043309,EMUW100,EMUW1,1,0
81,9533043309,EMVN100,EMVN1,1,0
82,9533043309,EMVO100,EMVO1,1,0
83,9533043309,ENEM100,ENEM1,1,0
84,9533043309,ENEN100,ENEN1,1,0
85,9533043309,ENEO100,ENEO1,1,0
86,9533043309,ENEP100,ENEP1,1,0
87,9533043309,ENEQ100,ENEQ1,1,0
88,9533043309,ENES100,ENES1,1,0
89,9533043309,ENET100,ENET1,1,0
90,9533043309,ENEU100,ENEU1,1,0
91,9533043309,ENEV100,ENEV1,1,0
92,9533043309,ENEW100,ENEW1,1,0
93,9533043309,EVMA1R2,EVMA3,1,0
94,9533043309,FBPA100,FBPA1,1,0
95,9533043309,FDNA1R0,FDNA0,1,0
96,9533043309,FDNB1R0,FDNB0,1,0
97,9533043309,FDNC1R0,FDNC0,3,0
98,9533043309,FPCH100,FPCA9,1,0
99,9533043309,FPRA1R0,FPLC0,14,0
100,9533043309,FPRA2R0,FPLC3,11,0
101,9533043309,FSLX100,FSLX1,1,0
102,9533043309,FSLY100,FSLY1,1,0
103,9533043309,FSLZ100,FSLZ1,1,0
104,9533043309,FSOA100,FSOA1,1,0
105,9533043309,IFKI1R0,IFFO3,1,0
106,9533043309,IFKT1R0,IFFO5,1,0
107,9533043309,JJKA100,JJKA1,2,0
108,9533043309,KAJE1R0,KAJC0,8,0
109,9533043309,KAJW1R3,KAJW4,2,0
110,9533043309,KAKA1R0,KAJD0,11,0
111,9533043309,KAKB100,KAKB1,1,0
112,9533043309,KBJA1R0,KAJZ4,1,0
113,9533043309,LCLE1R0,LCLF4,1,0
114,9533043309,LCLF1R0,LCLF9,1,0
115,9533043309,LCLG1R0,LCLF5,1,0
116,9533043309,LCLH1R0,LCLF6,1,0
117,9533043309,LCLI1R0,LCLG2,1,0
118,9533043309,LCLJ1R0,LCLJ2,1,0
119,9533043309,LCLL1R0,LCLG4,2,0
120,9533043309,LCLM1R0,LCLM2,1,0
121,9533043309,LCLN1R0,LCLN2,1,0
122,9533043309,LCLO1R0,LCLO2,1,0
123,9533043309,LCLP1R0,LCLE8,1,0
124,9533043309,LCLQ1R0,LCLF7,1,0
125,9533043309,LCLR1R0,LCLE2,1,0
126,9533043309,LCLS1R0,LCLE7,1,0
127,9533043309,LCLT1R0,LCLT2,1,0
128,9533043309,LCLU1R0,LCLF8,1,0
129,9533043309,LCLV1R0,LCLE5,1,0
130,9533043309,LCLW1R0,LCLG3,1,0
131,9533043309,LCLX1R0,LCLX0,1,0
132,9533043309,LCLZ1R0,LCLZ0,1,0
133,9533043309,LCMO1R0,LCLF0,1,0
134,9533043309,LCMQ1R0,LCLE3,1,0
135,9533043309,LCMR1R0,LCMR2,1,0
136,9533043309,LCMS1R0,LCMS2,1,0
137,9533043309,LCMU1R0,LCLF3,1,0
138,9533043309,LCMW1R0,LCLE0,1,0
139,9533043309,LCMZ1R0,LCMZ0,1,0
140,9533043309,LCNA1R0,LCNA2,1,0
141,9533043309,LCNB1R0,LCLE4,1,0
142,9533043309,LCNC1R0,LCNC2,1,0
143,9533043309,LCNN1R0,LCNN0,1,0
144,9533043309,LCNP1R0,LCNP0,1,0
145,9533043309,LCNQ1R0,LCNQ0,1,0
146,9533043309,LCRA1R0,LCRH7,1,0
147,9533043309,LCRC1R0,LCRH6,1,0
148,9533043309,LCRO1R1,LCRH5,1,0
149,9533043309,LCSR1R0,LCTY3,1,0
150,9533043309,LCTR1R0,LCRH8,1,0
151,9533043309,LCTS1R0,LCRH9,1,0
152,9533043309,LCUE100,LCUE1,1,0
153,9533043309,LCZY100,LCZY1,1,0
154,9533043309,LDAB100,LDAB1,1,0
155,9533043309,LEBA300,LEBA3,1,0
156,9533043309,LEBZ100,LEBZ1,1,0
157,9533043309,LEQG1R2,LELI0,1,0
158,9533043309,LEQH1R3,LEQH3,1,0
159,9533043309,LEQJ1R3,LEQJ3,1,0
160,9533043309,LEQK1R3,LEQK3,1,0
161,9533043309,LEQN1R3,LEQN3,1,0
162,9533043309,LEQP1R3,LEQP3,1,0
163,9533043309,LEQS1R3,LEQS3,1,0
164,9533043309,LEQV1R2,LELG0,1,0
165,9533043309,LERG1R3,LERG2,1,0
166,9533043309,LERI1R3,LERI2,1,0
167,9533043309,LERJ1R3,LERJ2,1,0
168,9533043309,LERK1R3,LERK2,1,0
169,9533043309,LERL1R3,LERL2,1,0
170,9533043309,LERM1R3,LERM3,1,0
171,9533043309,LERN1R2,LELM0,1,0
172,9533043309,LERO1R2,LELL0,1,0
173,9533043309,LFME1R0,LFME0,1,0
174,9533043309,LFMF1R0,LFMF0,1,0
175,9533043309,LFMG1R0,LFMG0,1,0
176,9533043309,LFMO1R0,LFMO2,1,0
177,9533043309,LFMP1R0,LFMP4,1,0
178,9533043309,LFMQ1R0,LFMQ4,1,0
179,9533043309,LFMR1R0,LFMR4,1,0
180,9533043309,LFMS1R0,LFMS4,1,0
181,9533043309,LFOJ1R1,LFOL4,1,0
182,9533043309,LFOK1R1,LFOL3,1,0
183,9533043309,LGZG100,LGZG1,1,0
184,9533043309,LIOA1R2,LIPG3,3,0
185,9533043309,LIOB1R2,LIPG4,2,0
186,9533043309,LIOG1R1,LIPE4,1,0
187,9533043309,LIOH1R2,LIPH6,1,0
188,9533043309,LIOI1R1,LIPF5,3,0
189,9533043309,LIOK1R2,LIOF5,1,0
190,9533043309,LION1R1,LIOF8,1,0
191,9533043309,LIOT1R2,LIOI8,3,0
192,9533043309,LIOV1R0,LIOV5,1,0
193,9533043309,LIOW1R0,LIOW5,1,0
194,9533043309,LIOX1R0,LIOX5,3,0
195,9533043309,LIOY1R1,LIOY5,1,0
196,9533043309,LIOZ1R0,LIOZ5,4,0
197,9533043309,LIPH1R0,LIPH7,2,0
198,9533043309,LIPS1R0,LIPS3,1,0
199,9533043309,LJSD1R3,LJSD3,1,0
200,9533043309,LLOF1R0,LLOF0,1,0
201,9533043309,LLOL1R0,LLOL0,1,0
202,9533043309,LLUP1R0,LLUP2,1,0
203,9533043309,LLUQ1R0,LLUQ2,1,0
204,9533043309,LLUR1R0,LLUR2,1,0
205,9533043309,LLUT1R0,LLUT2,1,0
206,9533043309,LLUV1R1,LLVR4,1,0
207,9533043309,LLUX1R1,LLVR3,1,0
208,9533043309,LLUZ1R0,LLUZ2,1,0
209,9533043309,LLVA1R0,LLVA2,1,0
210,9533043309,LLVB1R0,LLVB2,1,0
211,9533043309,LLWM100,LLWM1,1,0
212,9533043309,LMMV1R0,LMMO5,1,0
213,9533043309,LNWA100,LNWA1,2,0
214,9533043309,LPRI1R5,LPRI6,1,0
215,9533043309,LPRY1R0,LPRY0,1,0
216,9533043309,LPSR100,LPSR1,1,0
217,9533043309,LPZW100,LPZW2,1,0
218,9533043309,LPZX100,LPZX2,1,0
219,9533043309,LPZY100,LPZY1,1,0
220,9533043309,LPZZ100,LPZZ2,1,0
221,9533043309,LSEL1R6,LSEL0,9,0
222,9533043309,LSEN1R5,LSEN4,5,0
223,9533043309,LSEP1R5,LSEP0,1,0
224,9533043309,LSEQ1R3,LSEQ3,1,0
225,9533043309,LSET1R0,LSET0,1,0
226,9533043309,LSEW1R3,LSEW3,1,0
227,9533043309,LWGO100,LWGO1,1,0
228,9533043309,LWHA100,LWHA1,1,0
229,9533043309,LYIZ100,LYIZ1,1,0
230,9533043309,OEZA100,OEZA1,6,0
231,9533043309,PXYA100,PXYA1,1,0
232,9533043309,PXYB100,PXYB1,1,0
233,9533043309,PXYC100,PXYC1,1,0
234,9533043309,PXYD100,PXYD1,1,0
235,9533043309,PXYE100,PXYE1,1,0
236,9533043309,PXYF100,PXYF1,1,0
237,9533043309,PXYG100,PXYG1,1,0
238,9533043309,PXYI100,PXYI1,1,0
239,9533043309,PXYJ100,PXYJ1,1,0
240,9533043309,QDEB1R0,QDEB4,24,0
241,9533043309,QQNA100,QQNA1,1,0
242,9533043309,QQNB100,QQNB1,1,0
243,9533043309,QQNC100,QQNC1,1,0
244,9533043309,RCCO1R0,RCCE0,15,0
245,9533043309,RCCP1R0,RCCD8,15,0
246,9533043309,RCCQ1R0,RCCD9,14,0
247,9533043309,RCCR1R0,RCCD7,15,0
248,9533043309,RCCS1R0,RCCD0,1,0
249,9533043309,RCCU1R0,RCCD6,4,0
250,9533043309,RXEA100,RXEA1,1,0
251,9533043309,RXLF100,RXLF1,1,0
252,9533043309,RXLH100,RXLH1,1,0
253,9533043309,RXLI100,RXLI1,1,0
254,9533043309,RXLJ100,RXLJ1,1,0
255,9533043309,RXLK100,RXLK1,1,0
256,9533043309,RXLM100,RXLM1,1,0
257,9533043309,SELH1R0,SELH2,1,0
258,9533043309,SLCA1R0,SLCA0,2,0
259,9533043309,SLCB1R0,SLCB0,2,0
260,9533043309,SLCD1R0,SLCD0,2,0
261,9533043309,SVCE100,SVCE1,1,0
262,9533043309,TWNX2R0,TWNX5,1,0
263,9533043309,TWOY1R0,TWOY0,1,0
264,9533043309,TWPT1R1,TWUW4,1,0
265,9533043309,TWRW1R0,TWRW0,1,0
266,9533043309,TWSO1R0,TWSO0,1,0
267,9533043309,TWTZ1R0,TWTZ2,1,0
268,9533043309,TWUW1R1,TWUW2,1,0
269,9533043309,TWUX1R0,TWUX2,1,0
270,9533043309,TWVP1R0,TWVP0,1,0
271,9533043309,TWVQ1R0,TWVQ0,1,0
272,9533043309,TWVW1R0,TWVW2,1,0
273,9533043309,TWVX1R0,TWVX2,1,0
274,9533043309,TWWR1R0,TWWR2,1,0
275,9533043309,TWXJ1R0,TWXJ2,1,0
276,9533043309,UCLY100,UCLY1,1,0
277,9533043309,UCQT1R0,UCQT0,1,0
278,9533043309,UCQU1R0,UCQU0,1,0
279,9533043309,UCQW1R0,UCQW0,1,0
280,9533043309,UCRH1R0,UCRH0,1,0
281,9533043309,UCRL1R0,UCRL0,1,0
282,9533043309,UCRO1R0,UCRO0,1,0
283,9533043309,UCRP1R0,UCRP0,1,0
284,9533043309,UCRX1R0,UCRX0,1,0
285,9533043309,UCSJ1R0,UCSJ0,1,0
286,9533043309,UCSZ100,UCSZ1,1,0
287,9533043309,UCTO100,UCTO1,1,0
288,9533043309,UGMA100,UGMA1,1,0
289,9533043309,ULMM1R2,ULMM2,4,0
290,9533043309,ULMQ1R2,ULMQ2,1,0
291,9533043309,ULMU1R2,ULMU2,1,0
292,9533043309,UMRD100,UMRD1,1,0
293,9533043309,UMRH100,UMRH1,1,0
294,9533043309,UMUD2R2,UMUZ5,2,0
295,9533043309,UMUD3R3,UMUY4,4,0
296,9533043309,UMUD4R2,UMUZ7,2,0
297,9533043309,UMUG1R2,UMUZ9,1,0
298,9533043309,UMUI1R2,UMUZ8,1,0
299,9533043309,UMUL1R1,UMUY2,1,0
300,9533043309,UMUL1R3,UMUY3,1,0
301,9533043309,UMUO1R0,UMUI3,1,0
302,9533043309,UMUV1R0,UMUI0,1,0
303,9533043309,UMWZ1R1,UMUZ2,5,0
304,9533043309,UUJC100,UUJC1,1,0
305,9533043309,UXCQ100,UXCQ2,1,0
306,9533043309,VCCH100,VCCH1,1,0
307,9533043309,VCCI100,VCCI1,1,0
308,9533043309,VCCJ100,VCCJ1,1,0
309,9533043309,VCCK100,VCCK1,1,0
310,9533043309,VSPA100,VSPA1,2,0
311,9533043309,VSTA100,VSTA1,1,0
312,9533043309,VSTB100,VSTB1,1,0
313,9533043309,VSTC100,VSTC1,1,0
314,9533043309,VSTD100,VSTD1,1,0
315,9533043309,VSTE100,VSTE1,1,0
316,9533043309,VSTF100,VSTF1,1,0
317,9533043309,VSTG100,VSTG1,1,0
318,9533043309,VSTH100,VSTH1,1,0
319,9533043309,VSTI100,VSTI1,1,0
320,9533043309,VSTJ100,VSTJ1,1,0
321,9533043309,VSTK100,VSTK1,1,0
322,9533043309,VSTL100,VSTL1,1,0
323,9533043309,WCTX100,WCTX1,1,0
324,9533043309,WYZB100,WYZB1,1,0
325,9533043309,XCCC100,XCCC1,2,0
326,9533043309,XGPA1R0,XGPA2,1,0
327,9533043309,XLGJ100,XLGJ1,1,0
328,9533043309,XLGK100,XLGK1,2,0
329,9533043309,XLGL100,XLGL1,1,0
330,9533043309,XLGM100,XLGM1,2,0
331,9533043309,XLGN100,XLGN1,1,0
332,9533043309,XLGO100,XLGO1,1,0
333,9533043309,XLGP100,XLGP1,1,0
334,9533043309,XPHB100,XPHB1,1,0
335,9533043309,XPHC100,XPHC1,1,0
336,9533043309,XUSK100,XUSK1,1,0
337,9533046999,LFWP1R1,LFWR2,2,0
338,9533046999,LFWQ1R1,LFWR3,2,0
339,9533046999,LKCB1R2,LKCB0,1,0
340,9533046999,LPRA1R6,LPRJ0,1,0
341,9533046999,LPRB1R0,LPRF0,4,0
342,9533046999,LSES1R2,LSEZ3,2,0
343,9533046999,LSEV1R3,LSEV3,4,0
344,9533046999,LSPB1R5,LSPC0,4,0
345,9533046999,BPBX100,BPBX1,1,0
346,9533046999,BPBY100,BPBY1,1,0
347,9533046999,BWIA100,BWIA1,1,0
348,9533046999,BWIB100,BWIB1,1,0
349,9533046999,DDBD100,DDBD1,1,0
350,9533046999,DWXA1R0,DWXA2,1,0
351,9533046999,DWXC1R0,DWXC2,1,0
352,9533046999,DWXD1R0,DWXD2,1,0
353,9533046999,DWXE1R0,DWXE2,1,0
354,9533046999,DWXF1R0,DWXF2,1,0
355,9533046999,EBPA1R0,EBPA4,6,0
356,9533046999,EEDA1R4,EEDA9,48,0
357,9533046999,EEPJ100,EEPJ1,12,0
358,9533046999,EFOF100,EFOF1,1,0
359,9533046999,ELFF1R2,ELEB5,5,0
360,9533046999,ELFJ1R0,LPMA6,1,0
361,9533046999,ELLA1R1,ELLA4,12,0
362,9533046999,ELVW100,ELVW1,4,0
363,9533046999,ELWQ100,ELWQ1,2,0
364,9533046999,ELWR100,ELWR1,2,0
365,9533046999,ELWU100,ELWU1,2,0
366,9533046999,EMDP100,EMDP2,2,0
367,9533046999,EMDR100,EMDR2,2,0
368,9533046999,EMEC100,EMEC2,2,0
369,9533046999,EMED100,EMED2,2,0
370,9533046999,EMEG100,EMEG2,2,0
371,9533046999,EMNX100,EMNX1,2,0
372,9533046999,EMNY100,EMNY1,2,0
373,9533046999,EMNZ100,EMNZ1,2,0
374,9533046999,EMOZ100,EMOZ1,2,0
375,9533046999,EMPR100,EMPR1,1,0
376,9533046999,EMPR100,EMPR1,1,0
377,9533046999,EMPS100,EMPS1,4,0
378,9533046999,EMPT100,EMPT1,4,0
379,9533046999,EMPU100,EMPU1,4,0
380,9533046999,EMPV100,EMPV1,10,0
381,9533046999,EMPW100,EMPW1,2,0
382,9533046999,EMPY100,EMPY1,2,0
383,9533046999,EMQN100,EMQN1,4,0
384,9533046999,EMQO100,EMQO1,2,0
385,9533046999,EMQP100,EMQP1,2,0
386,9533046999,EMQQ100,EMQQ1,2,0
387,9533046999,EMQU100,EMQU1,2,0
388,9533046999,EMQV100,EMQV1,2,0
389,9533046999,EMQW100,EMQW1,2,0
390,9533046999,EMQX100,EMQX1,2,0
391,9533046999,EMQY100,EMQY1,2,0
392,9533046999,EMRN100,EMRN1,2,0
393,9533046999,EMRO100,EMRO1,2,0
394,9533046999,EMRP100,EMRP1,2,0
395,9533046999,EMRQ100,EMRQ1,2,0
396,9533046999,EMRR100,EMRR1,2,0
397,9533046999,EMRS100,EMRS1,2,0
398,9533046999,EMRV100,EMRV1,2,0
399,9533046999,EMRY100,EMRY1,2,0
400,9533046999,EMRZ100,EMRZ1,2,0
401,9533046999,EMSP100,EMSP1,2,0
402,9533046999,EMSQ100,EMSQ1,2,0
403,9533046999,EMSR100,EMSR1,1,0
404,9533046999,EMSR100,EMSR1,1,0
405,9533046999,EMSS100,EMSS1,5,0
406,9533046999,EMSU100,EMSU1,3,0
407,9533046999,EMSV100,EMSV1,3,0
408,9533046999,EMSW100,EMSW1,3,0
409,9533046999,EMSX100,EMSX1,3,0
410,9533046999,EMSY100,EMSY1,3,0
411,9533046999,EMSZ100,EMSZ1,2,0
412,9533046999,EMTX100,EMTX1,2,0
413,9533046999,EMTY100,EMTY1,2,0
414,9533046999,EMTZ100,EMTZ1,2,0
415,9533046999,EMUL100,EMUL1,6,0
416,9533046999,ESDD1R1,ESDB0,1,0
417,9533046999,ESDD1R1,ESDB0,1,0
418,9533046999,ESSA100,ESSA1,4,0
419,9533046999,EVMA1R2,EVMA3,4,0
420,9533046999,EVMA1R2,EVMA3,1,0
421,9533046999,EVMA1R2,EVMA3,1,0
422,9533046999,FDNA1R0,FDNA0,2,0
423,9533046999,FDNB1R0,FDNB0,1,0
424,9533046999,FDNB1R0,FDNB0,3,0
425,9533046999,FDNC1R0,FDNC0,4,0
426,9533046999,FPRA1R0,FPLC0,6,0
427,9533046999,FSLH1R0,FSLH2,1,0
428,9533046999,FSLI1R0,FSLI2,1,0
429,9533046999,FSLJ1R0,FSLJ2,1,0
430,9533046999,FSLK1R0,FSLK3,1,0
431,9533046999,FSLL1R0,FSLL2,1,0
432,9533046999,FSLM1R0,FSLM2,1,0
433,9533046999,FSLP1R0,FSLP4,2,0
434,9533046999,FSLQ1R0,FSLQ4,2,0
435,9533046999,FSLR1R0,FSLR4,2,0
436,9533046999,FSLS1R0,FSLS4,2,0
437,9533046999,FSLX100,FSLX1,1,0
438,9533046999,FSLY100,FSLY1,1,0
439,9533046999,FSLZ100,FSLZ1,1,0
440,9533046999,FSMO100,FSMO1,2,0
441,9533046999,FSMO1R0,FSMO4,2,0
442,9533046999,FSMP1R0,FSMP4,2,0
443,9533046999,IFIH1R0,IFFO0,2,0
444,9533046999,IFIM1R0,IFFO2,2,0
445,9533046999,IFIO1R1,IFKO6,1,0
446,9533046999,IFIR1R0,IFIR2,1,0
447,9533046999,IFIU1R0,IFFO7,1,0
448,9533046999,IFKI1R1,IFFA2,2,0
449,9533046999,ILLK1R1,ILLK2,1,0
450,9533046999,ILLM1R1,ILLM2,1,0
451,9533046999,IRAA100,IRAA1,2,0
452,9533046999,IRAB100,IRAB1,2,0
453,9533046999,IRAC100,IRAC1,2,0
454,9533046999,KAJE1R0,KAJC0,1,0
455,9533046999,KAJE1R0,KAJC0,23,0
456,9533046999,KAJW1R3,KAJW4,6,0
457,9533046999,KAKA1R0,KAJD0,12,0
458,9533046999,LCLE1R0,LCLF4,1,0
459,9533046999,LCLI1R0,LCLG2,1,0
460,9533046999,LCLJ1R0,LCLJ2,1,0
461,9533046999,LCLK1R0,LCLK2,1,0
462,9533046999,LCLL1R0,LCLG4,1,0
463,9533046999,LCLM1R0,LCLM2,1,0
464,9533046999,LCLN1R0,LCLN2,1,0
465,9533046999,LCLO1R0,LCLO2,1,0
466,9533046999,LCLP1R0,LCLE8,1,0
467,9533046999,LCLQ1R0,LCLF7,1,0
468,9533046999,LCLR1R0,LCLE2,1,0
469,9533046999,LCLS1R0,LCLE7,1,0
470,9533046999,LCLT1R0,LCLT2,1,0
471,9533046999,LCLU1R0,LCLF8,1,0
472,9533046999,LCLV1R0,LCLE5,1,0
473,9533046999,LCLW1R0,LCLG3,1,0
474,9533046999,LCLY1R0,LCLY0,1,0
475,9533046999,LCML1R0,LCLE9,1,0
476,9533046999,LCMM1R0,LCLE6,1,0
477,9533046999,LCMO1R0,LCLF0,1,0
478,9533046999,LCMU1R0,LCLF3,1,0
479,9533046999,LCMW1R0,LCLE0,1,0
480,9533046999,LCMY1R0,LCMY0,1,0
481,9533046999,LCMZ1R0,LCMZ0,1,0
482,9533046999,LCNA1R0,LCNA2,1,0
483,9533046999,LCNB1R0,LCLE4,1,0
484,9533046999,LCRA1R0,LCRH7,2,0
485,9533046999,LCRC1R0,LCRH6,2,0
486,9533046999,LCRN1R1,LCRH4,2,0
487,9533046999,LCRO1R1,LCRH5,2,0
488,9533046999,LCRR1R1,LCRR2,2,0
489,9533046999,LCRX100,LCRX1,2,0
490,9533046999,LCSR1R0,LCTY3,2,0
491,9533046999,LCSR1R0,LCTY3,2,0
492,9533046999,LCST1R0,LCTZ9,1,0
493,9533046999,LCTB1R2,LCTB0,1,0
494,9533046999,LCTB1R2,LCTB0,3,0
495,9533046999,LCTR1R0,LCRH8,1,0
496,9533046999,LCTS1R0,LCRH9,1,0
497,9533046999,LCTU1R0,LCTY2,2,0
498,9533046999,LCYZ100,LCYZ1,2,0
499,9533046999,LCZY100,LCZY1,2,0
500,9533046999,LDAC100,LDAC1,4,0
501,9533046999,LDAD100,LDAD1,2,0
502,9533046999,LDAE100,LDAE1,2,0
503,9533046999,LEBA1R2,LEBG2,4,0
504,9533046999,LEBB1R7,LEBG6,1,0
505,9533046999,LEBC1R2,LEBG3,2,0
506,9533046999,LEBE1R1,LEBC5,4,0
507,9533046999,LEBF1R1,LEBC4,2,0
508,9533046999,LEBR1R1,LEBC6,4,0
509,9533046999,LECA1R1,LEBG5,1,0
510,9533046999,LECA1R1,LEBG5,1,0
511,9533046999,LECB1R0,LEBF8,2,0
512,9533046999,LEQG1R2,LELI0,1,0
513,9533046999,LEQJ1R3,LEQJ3,1,0
514,9533046999,LEQK1R3,LEQK3,1,0
515,9533046999,LEQN1R3,LEQN3,1,0
516,9533046999,LEQO1R3,LEQO3,1,0
517,9533046999,LEQW1R3,LEQW3,1,0
518,9533046999,LEQY1R3,LEQY2,1,0
519,9533046999,LERC1R3,LERC2,1,0
520,9533046999,LERE1R3,LERE2,1,0
521,9533046999,LERG1R2,LELY4,1,0
522,9533046999,LERI1R3,LERI2,1,0
523,9533046999,LERM1R3,LERM3,1,0
524,9533046999,LERN1R2,LELM0,1,0
525,9533046999,LERO1R2,LELL0,1,0
526,9533046999,LFME1R0,LFME0,1,0
527,9533046999,LFMF1R0,LFMF0,1,0
528,9533046999,LFMO1R0,LFMO2,1,0
529,9533046999,LFMP1R0,LFMP4,1,0
530,9533046999,LFMQ1R0,LFMQ4,1,0
531,9533046999,LFMR1R0,LFMR4,1,0
532,9533046999,LFMS1R0,LFMS4,1,0
533,9533046999,LFWW1R1,LCTZ3,1,0
534,9533046999,LFWX1R1,LCTZ4,1,0
535,9533046999,LFWX1R1,LCTZ4,1,0
536,9533046999,LFXN100,LFXN1,1,0
537,9533046999,LGAM2R0,LGAM3,1,0
538,9533046999,LGBA2R0,LGBA0,1,0
539,9533046999,LGBB2R0,LGBB0,1,0
540,9533046999,LLOF1R0,LLOF0,6,0
541,9533046999,LLOG1R0,LLOG0,6,0
542,9533046999,LLOH1R0,LLOH0,6,0
543,9533046999,LLOK1R0,LLOK0,6,0
544,9533046999,LLOL1R0,LLOL0,6,0
545,9533046999,LMMP1R0,LMMP8,1,0
546,9533046999,LNWA100,LNWA1,6,0
547,9533046999,LPRE1R6,LPRI7,2,0
548,9533046999,LPRI1R5,LPRI6,2,0
549,9533046999,LPRI1R5,LPRI6,6,0
550,9533046999,LPSU100,LPSU1,1,0
551,9533046999,LPSX100,LPSX1,1,0
552,9533046999,LPZW100,LPZW2,1,0
553,9533046999,LPZX100,LPZX2,1,0
554,9533046999,LPZZ100,LPZZ2,1,0
555,9533046999,LSEM1R6,LSEM0,2,0
556,9533046999,LSEN1R5,LSEN4,4,0
557,9533046999,LSEP1R5,LSEP0,2,0
558,9533046999,LSEQ1R3,LSEQ3,6,0
559,9533046999,LSEW1R3,LSEW3,2,0
560,9533046999,LSFE1R6,LSFE6,2,0
561,9533046999,LWFC1R0,LWGC0,1,0
562,9533046999,LWFD1R0,LWGD0,1,0
563,9533046999,LWFN1R3,LWFD3,2,0
564,9533046999,LYIA1R6,LYIZ4,4,0
565,9533046999,LYIC1R6,LYIZ5,4,0
566,9533046999,LYIX100,LYIX1,1,0
567,9533046999,LYIZ100,LYIZ1,1,0
568,9533046999,MPFA100,MPFA1,5,0
569,9533046999,MPFA100,MPFA1,1,0
570,9533046999,MPFB100,MPFB1,6,0
571,9533046999,MPFC100,MPFC1,6,0
572,9533046999,MPFD100,MPFD1,6,0
573,9533046999,MPFE100,MPFE1,6,0
574,9533046999,MPFF100,MPFF1,3,0
575,9533046999,MPFF100,MPFF1,3,0
576,9533046999,MPFG100,MPFG1,6,0
577,9533046999,MPFI100,MPFI1,4,0
578,9533046999,MPFI100,MPFI1,2,0
579,9533046999,NERB1R2,NERB3,6,0
580,9533046999,OEZA100,OEZA1,6,0
581,9533046999,QDEB1R0,QDEB4,24,0
582,9533046999,RCCS1R0,RCCD0,6,0
583,9533046999,RCCU1R0,RCCD6,6,0
584,9533046999,SELH1R0,SELH2,2,0
585,9533046999,SLCA1R0,SLCA0,2,0
586,9533046999,SLCB1R0,SLCB0,2,0
587,9533046999,SLCD1R0,SLCD0,2,0
588,9533046999,SVCA100,SVCA1,1,0
589,9533046999,SVCB100,SVCB1,1,0
590,9533046999,SVCC100,SVCC1,1,0
591,9533046999,SVCD100,SVCD1,1,0
592,9533046999,SVCE100,SVCE1,1,0
593,9533046999,TWNX1R0,TWNX0,2,0
594,9533046999,TWNX2R0,TWNX5,2,0
595,9533046999,TWNX3R0,TWNX4,2,0
596,9533046999,TWNY1R0,TWNY0,2,0
597,9533046999,TWNZ1R0,TWNZ0,1,0
598,9533046999,TWNZ2R0,TWMA6,2,0
599,9533046999,TWNZ3R0,TWMA7,1,0
600,9533046999,TWNZ6R0,TWMA2,1,0
601,9533046999,TWNZ6R0,TWMA2,1,0
602,9533046999,TWNZ7R0,TWMA3,2,0
603,9533046999,TWNZ8R0,TWMA4,2,0
604,9533046999,TWNZ9R0,TWMA5,2,0
605,9533046999,TWOY1R0,TWOY0,2,0
606,9533046999,TWOZ1R0,TWOZ0,1,0
607,9533046999,TWPR1R1,TWUX4,2,0
608,9533046999,TWQU1R1,TWUW8,2,0
609,9533046999,TWRN1R1,TWUX3,2,0
610,9533046999,TWRO1R0,TWRO0,2,0
611,9533046999,TWRP1R1,TWUW3,2,0
612,9533046999,TWRW1R0,TWRW0,2,0
613,9533046999,TWSV1R0,TWSV0,2,0
614,9533046999,TWTX1R0,TWTX2,2,0
615,9533046999,TWTZ1R0,TWTZ2,2,0
616,9533046999,TWUX1R0,TWUX2,2,0
617,9533046999,TWUY1R0,TWUY2,2,0
618,9533046999,TWVS1R0,TWVS2,2,0
619,9533046999,TWVT1R0,TWVT2,2,0
620,9533046999,TWVU1R0,TWVU2,2,0
621,9533046999,TWVV1R0,TWVV2,2,0
622,9533046999,TWVX1R0,TWVX2,2,0
623,9533046999,TWVY1R0,TWVY2,2,0
624,9533046999,TWVZ1R0,TWVZ2,2,0
625,9533046999,TWWP1R0,TWWP2,1,0
626,9533046999,TWWQ1R0,TWWQ2,2,0
627,9533046999,TWWR1R0,TWWR2,2,0
628,9533046999,TWXG1R0,TWXG2,2,0
629,9533046999,TWXI1R0,TWXI2,2,0
630,9533046999,TWXJ1R0,TWXJ2,2,0
631,9533046999,TWXK1R0,TWXK2,1,0
632,9533046999,TWXL1R0,TWXL2,2,0
633,9533046999,TWXN1R0,TWXN2,2,0
634,9533046999,TWXO1R0,TWXO2,1,0
635,9533046999,TWXP1R0,TWXP2,2,0
636,9533046999,TWYA1R0,TWYA0,2,0
637,9533046999,TWYE1R0,TWYE0,2,0
638,9533046999,UCMH100,UCMH1,1,0
639,9533046999,UCTM100,UCTM1,1,0
640,9533046999,UCTO100,UCTO1,1,0
641,9533046999,UCTP100,UCTP1,1,0
642,9533046999,UCTQ100,UCTQ1,1,0
643,9533046999,UCTR100,UCTR1,1,0
644,9533046999,UCTS100,UCTS1,1,0
645,9533046999,UELB1R0,UELB0,2,0
646,9533046999,UGSA100,UGSA1,1,0
647,9533046999,UGSB100,UGSB1,1,0
648,9533046999,UGSC100,UGSC1,1,0
649,9533046999,UGSD100,UGSD1,1,0
650,9533046999,UGSE100,UGSE1,1,0
651,9533046999,UGSF100,UGSF1,1,0
652,9533046999,UGSG100,UGSG1,1,0
653,9533046999,UGSI100,UGSI1,1,0
654,9533046999,UGSJ100,UGSJ1,1,0
655,9533046999,UGSK100,UGSK1,1,0
656,9533046999,UGSL100,UGSL1,1,0
657,9533046999,ULMM1R2,ULMM2,1,0
658,9533046999,ULMM1R2,ULMM2,1,0
659,9533046999,ULMM1R2,ULMM2,10,0
660,9533046999,UMRB100,UMRB1,1,0
661,9533046999,UMRD100,UMRD1,1,0
662,9533046999,UMRH100,UMRH1,1,0
663,9533046999,UMUD1R2,UMUZ6,6,0
664,9533046999,UMUD2R2,UMUZ5,1,0
665,9533046999,UMUD2R2,UMUZ5,5,0
666,9533046999,UMUD3R3,UMUY4,1,0
667,9533046999,UMUD3R3,UMUY4,5,0
668,9533046999,UMUD4R2,UMUZ7,6,0
669,9533046999,UMUG1R2,UMUZ9,2,0
670,9533046999,UMUI1R2,UMUZ8,2,0
671,9533046999,UMUL1R1,UMUY2,2,0
672,9533046999,UMUL1R3,UMUY3,2,0
673,9533046999,UMUO1R0,UMUI3,1,0
674,9533046999,UMWY1R1,UMUZ3,6,0
675,9533046999,UMWZ1R1,UMUZ2,6,0
676,9533046999,VCCH100,VCCH1,2,0
677,9533046999,VCCI100,VCCI1,2,0
678,9533046999,VCCJ100,VCCJ1,2,0
679,9533046999,VCCK100,VCCK1,2,0
680,9533046999,VSSM100,VSSM1,4,0
681,9533046999,VSTA100,VSTA1,1,0
682,9533046999,VSTB100,VSTB1,1,0
683,9533046999,VSTC100,VSTC1,1,0
684,9533046999,VSTD100,VSTD1,1,0
685,9533046999,VSTE100,VSTE1,1,0
686,9533046999,VSTF100,VSTF1,1,0
687,9533046999,VSTG100,VSTG1,1,0
688,9533046999,VSTH100,VSTH1,1,0
689,9533046999,VSTJ100,VSTJ1,1,0
690,9533046999,VSTK100,VSTK1,1,0
691,9533046999,VSTL100,VSTL1,1,0
692,9533046999,XFBC100,XFBC1,2,0
693,9533046999,XICB100,XICB1,1,0
694,9533046999,XICC100,XICC1,1,0
695,9533046999,XICE100,XICE1,1,0
696,9533046999,XICF100,XICF1,1,0
697,9533046999,XICG100,XICG1,1,0
698,9533046999,XICH100,XICH1,1,0
699,9533046999,XICI100,XICI1,1,0
700,9533046999,XICJ100,XICJ1,1,0
701,9533046999,XICK100,XICK1,1,0
702,9533046999,XICL100,XICL1,1,0
703,9533046999,XICM100,XICM1,1,0
704,9533046999,XICN100,XICN1,1,0
705,9533046999,XICO100,XICO1,1,0
706,9533046999,XICP100,XICP1,1,0
707,9533046999,XICQ100,XICQ1,1,0
708,9533046999,XICR100,XICR1,1,0
709,9533046999,XICS100,XICS1,1,0
710,9533046999,XICT100,XICT1,1,0
711,9533046999,XICU100,XICU1,1,0
712,9533046999,XLGK100,XLGK1,1,0
713,9533046999,XLGM100,XLGM1,1,0
714,9533046999,XLGN100,XLGN1,1,0
715,9533046999,XPHC100,XPHC1,2,0
716,9533046999,YVCA100,YVCA1,1,0
717,9533046999,YVCB100,YVCB1,1,0
718,9533046999,YVCC100,YVCC1,1,0
719,9533046999,YVCD100,YVCD1,1,0
720,9533046999,YVCE100,YVCE1,1,0
721,9533046999,YVCF100,YVCF1,1,0
722,9533050922,LCRH1R3,LCRH0,1,115
723,9533050922,LCRI1R3,LCRI0,1,115
724,9533050922,LKCB1R2,LKCB0,1,115
725,9533050922,LMMQ1R0,LMMO2,1,284
726,9533050922,LMMX100,LMMX1,1,20
727,9533050922,LPRB1R0,LPRF0,6,375
728,9533050922,LPRO1R0,LPRO0,3,260
729,9533050922,LPRO1R0,LPRO0,1,260
730,9533050922,LSES1R2,LSEZ3,2,110
731,9533050922,LSEV1R3,LSEV3,2,369
732,9533050922,ECOF100,ECOF1,2,130
733,9533050922,ECOG100,ECOG1,2,130
734,9533050922,EFOF100,EFOF1,2,120
735,9533050922,EFOG100,EFOG1,2,120
736,9533050922,EMEG100,EMEG2,2,120
737,9533050922,EMOZ100,EMOZ1,2,65
738,9533050922,EMPS100,EMPS1,2,65
739,9533050922,EMPT100,EMPT1,2,65
740,9533050922,EMPU100,EMPU1,2,65
741,9533050922,EMPW100,EMPW1,2,65
742,9533050922,EMPY100,EMPY1,2,65
743,9533050922,EMPZ100,EMPZ1,2,65
744,9533050922,EMQN100,EMQN1,2,65
745,9533050922,EMQO100,EMQO1,2,65
746,9533050922,EMQP100,EMQP1,2,65
747,9533050922,EMQQ100,EMQQ1,2,65
748,9533050922,EMQU100,EMQU1,2,65
749,9533050922,EMQV100,EMQV1,2,65
750,9533050922,EMQW100,EMQW1,2,65
751,9533050922,EMRN100,EMRN1,2,65
752,9533050922,EMRR100,EMRR1,2,65
753,9533050922,EMRU100,EMRU1,2,65
754,9533050922,EMRV100,EMRV1,2,65
755,9533050922,EMRX100,EMRX1,2,65
756,9533050922,EMRY100,EMRY1,2,65
757,9533050922,EMRZ100,EMRZ1,2,65
758,9533050922,EMSO100,EMSO1,2,65
759,9533050922,EMSP100,EMSP1,2,65
760,9533050922,EMSQ100,EMSQ1,2,65
761,9533050922,EMSR100,EMSR1,2,65
762,9533050922,EMSS100,EMSS1,2,65
763,9533050922,EMSY100,EMSY1,2,65
764,9533050922,EMSZ100,EMSZ1,2,65
765,9533050922,EMTX100,EMTX1,2,65
766,9533050922,EMTY100,EMTY1,2,65
767,9533050922,EMTZ100,EMTZ1,2,65
768,9533050922,EMUL100,EMUL1,6,70
769,9533050922,EMUP100,EMUP1,2,65
770,9533050922,EMUT100,EMUT1,2,65
771,9533050922,EMUW100,EMUW1,2,65
772,9533050922,EMUY100,EMUY1,2,65
773,9533050922,EMUZ100,EMUZ1,2,65
774,9533050922,EMVU100,EMVU1,2,65
775,9533050922,EMVX100,EMVX1,2,65
776,9533050922,ESSA100,ESSA1,3,210
777,9533050922,EVMA1R2,EVMA3,6,475
778,9533050922,FDNA1R0,FDNA0,2,899
779,9533050922,JPXA100,JPXA1,6,130
780,9533050922,JPXB100,JPXB1,6,130
781,9533050922,JPXC100,JPXC1,6,130
782,9533050922,JPXD100,JPXD1,6,130
783,9533050922,JPXE100,JPXE1,6,130
784,9533050922,JPXF100,JPXF1,6,130
785,9533050922,JPXG100,JPXG1,6,130
786,9533050922,JPXH100,JPXH1,6,130
787,9533050922,JPXI100,JPXI1,6,130
788,9533050922,JPXJ100,JPXJ1,6,130
789,9533050922,JPXK100,JPXK1,6,130
790,9533050922,JPXL100,JPXL1,6,130
791,9533050922,JPXM100,JPXM1,6,130
792,9533050922,JPXN100,JPXN1,6,130
793,9533050922,JPXO100,JPXO1,6,130
794,9533050922,JPXP100,JPXP1,6,130
795,9533050922,JPXQ100,JPXQ1,6,130
796,9533050922,JPXR100,JPXR1,6,130
797,9533050922,JPXS100,JPXS1,6,130
798,9533050922,JPXT100,JPXT1,6,130
799,9533050922,JPXU100,JPXU1,6,130
800,9533050922,JPXV100,JPXV1,6,130
801,9533050922,JPXW100,JPXW1,6,130
802,9533050922,JPXX100,JPXX1,6,130
803,9533050922,JPXY100,JPXY1,6,130
804,9533050922,KAJE1R0,KAJC0,24,210
805,9533050922,LCRA1R0,LCRH7,1,399
806,9533050922,LCRC1R0,LCRH6,1,399
807,9533050922,LCRN1R1,LCRH4,1,399
808,9533050922,LCRO1R1,LCRH5,1,399
809,9533050922,LCRR1R1,LCRR2,2,375
810,9533050922,LCSR1R0,LCTY3,1,349
811,9533050922,LCST1R0,LCTZ9,1,325
812,9533050922,LCTB1R2,LCTB0,2,269
813,9533050922,LCYZ100,LCYZ1,1,149
814,9533050922,LDAC100,LDAC1,1,149
815,9533050922,LDAE100,LDAE1,1,399
816,9533050922,LLOF1R0,LLOF0,6,249
817,9533050922,LLOL1R0,LLOL0,4,249
818,9533050922,LLOL1R0,LLOL0,2,249
819,9533050922,LPRE1R6,LPRI7,1,599
820,9533050922,LPRE1R6,LPRI7,1,599
821,9533050922,LPSU100,LPSU1,1,269
822,9533050922,LPSX100,LPSX1,1,295
823,9533050922,LPTC100,LPTC1,4,295
824,9533050922,LSEM1R6,LSEM0,2,475
825,9533050922,LSEM1R6,LSEM0,1,475
826,9533050922,LSEQ1R3,LSEQ3,6,349
827,9533050922,LSEW1R3,LSEW3,1,625
828,9533050922,LWFB1R0,LWGB0,1,100
829,9533050922,LWFC1R0,LWGC0,1,100
830,9533050922,LWFD1R0,LWGD0,1,100
831,9533050922,LWFW1R0,LWFW0,1,100
832,9533050922,NERB1R2,NERB3,12,105
833,9533050922,SNCX100,SNCX1,6,599
834,9533050922,SNCY100,SNCY1,6,599
835,9533050922,SNCZ100,SNCZ1,6,599
836,9533050922,UGMA100,UGMA1,2,375
837,9533050922,UMUD1R2,UMUZ6,12,225
838,9533050922,UMUD2R2,UMUZ5,12,225
839,9533050922,UMUD3R3,UMUY4,12,225
840,9533050922,UMUD4R2,UMUZ7,12,225
841,9533050922,XICB100,XICB1,2,650
842,9533050922,XICC100,XICC1,2,650
843,9533050922,XICD100,XICD1,2,650
844,9533050922,XICE100,XICE1,2,650
845,9533050922,XICF100,XICF1,2,650
846,9533050922,XICG100,XICG1,2,650
847,9533050922,XICH100,XICH1,2,650
848,9533050922,XICI100,XICI1,2,650
849,9533050922,XICJ100,XICJ1,2,650
850,9533050922,XICK100,XICK1,2,650
851,9533050922,XICL100,XICL1,2,650
852,9533050922,XICM100,XICM1,2,650
853,9533050922,XICN100,XICN1,2,650
854,9533050922,XICO100,XICO1,2,650
855,9533050922,XICP100,XICP1,2,650
856,9533050922,XICQ100,XICQ1,2,650
857,9533050922,XICR100,XICR1,2,650
858,9533050922,XICS100,XICS1,2,650
859,9533050922,XICT100,XICT1,2,650
860,9533050922,XICU100,XICU1,2,650
1435,9533073187,BWIB100,BWIB1,1,899
1436,9533073187,CCBD100,CCBD1,3,135
863,9533055462,SFWG100,SFWG1,2,275
864,9533055462,SMFA100,SMFA1,2,275
865,9533055461,LCRH1R3,LCRH0,1,115
866,9533055461,LCRI1R3,LCRI0,1,115
867,9533055461,LKCB1R2,LKCB0,1,115
868,9533055461,LMMQ1R0,LMMO2,1,284
869,9533055461,LMMX100,LMMX1,1,20
870,9533055461,LPRB1R0,LPRF0,4,375
871,9533055461,LPRD1R0,LPRI9,2,99
872,9533055461,LPRO1R0,LPRO0,4,260
873,9533055461,LSES1R2,LSEZ3,2,110
874,9533055461,LSEV1R3,LSEV3,1,369
875,9533055461,LSEV1R3,LSEV3,1,369
876,9533055461,LSPB1R5,LSPC0,2,369
877,9533055461,LSUJ2R1,LSUJ0,2,269
878,9533055461,LSUK2R3,LSUK0,2,430
879,9533055461,PDAN1R8,PDAZ4,1,135
880,9533055461,PSMQ1R2,PSLT3,1,99
881,9533055461,PTBB1R4,PTBB4,2,189
882,9533055461,DDBD100,DDBD1,1,749
883,9533055461,DWXA1R0,DWXA2,1,699
884,9533055461,DWXC1R0,DWXC2,1,699
885,9533055461,DWXD1R0,DWXD2,1,699
886,9533055461,DWXE1R0,DWXE2,1,650
887,9533055461,ECOE100,ECOE1,2,130
888,9533055461,ECOF100,ECOF1,2,130
889,9533055461,EEDA1R4,EEDA9,44,125
890,9533055461,EEDA1R4,EEDA9,4,125
891,9533055461,EFOG100,EFOG1,2,120
892,9533055461,ELLA1R1,ELLA4,12,299
893,9533055461,ELVW100,ELVW1,2,65
894,9533055461,ELWN100,ELWN1,2,65
895,9533055461,ELWO100,ELWO1,2,65
896,9533055461,ELWQ100,ELWQ1,2,65
897,9533055461,ELWR100,ELWR1,2,65
898,9533055461,ELWU100,ELWU1,2,65
899,9533055461,EMDT100,EMDT0,1,120
900,9533055461,EMED100,EMED2,1,120
901,9533055461,EMEG100,EMEG2,2,120
902,9533055461,EMEK100,EMEK2,1,120
903,9533055461,EMNY100,EMNY1,2,65
904,9533055461,EMNZ100,EMNZ1,2,65
905,9533055461,EMOZ100,EMOZ1,2,65
906,9533055461,EMPR100,EMPR1,2,65
907,9533055461,EMPS100,EMPS1,2,65
908,9533055461,EMPZ100,EMPZ1,2,65
909,9533055461,EMQO100,EMQO1,2,65
910,9533055461,EMQV100,EMQV1,2,65
911,9533055461,EMQW100,EMQW1,2,65
912,9533055461,EMRN100,EMRN1,3,65
913,9533055461,EMRP100,EMRP1,2,65
914,9533055461,EMRQ100,EMRQ1,2,65
915,9533055461,EMRS100,EMRS1,2,65
916,9533055461,EMRV100,EMRV1,2,65
917,9533055461,EMRX100,EMRX1,2,65
918,9533055461,EMRY100,EMRY1,2,65
919,9533055461,EMSQ100,EMSQ1,2,65
920,9533055461,EMSR100,EMSR1,2,65
921,9533055461,EMSS100,EMSS1,5,65
922,9533055461,EMSX100,EMSX1,2,65
923,9533055461,EMTY100,EMTY1,2,65
924,9533055461,EMUL100,EMUL1,6,70
925,9533055461,EMUP100,EMUP1,2,65
926,9533055461,EMUQ100,EMUQ1,2,65
927,9533055461,EMUR100,EMUR1,2,65
928,9533055461,EMUS100,EMUS1,2,65
929,9533055461,EMUT100,EMUT1,2,65
930,9533055461,EMUU100,EMUU1,2,65
931,9533055461,EMUW100,EMUW1,2,65
932,9533055461,EMUY100,EMUY1,2,65
933,9533055461,EMUZ100,EMUZ1,2,65
934,9533055461,EMVN100,EMVN1,2,65
935,9533055461,EMVO100,EMVO1,2,65
936,9533055461,EMVP100,EMVP1,2,65
937,9533055461,EMVR100,EMVR1,2,65
938,9533055461,EMVS100,EMVS1,2,65
939,9533055461,EMVT100,EMVT1,2,65
940,9533055461,EMVU100,EMVU1,2,65
941,9533055461,EMVV100,EMVV1,2,65
942,9533055461,EMVW100,EMVW1,2,65
943,9533055461,EMVX100,EMVX1,2,65
944,9533055461,EMVY100,EMVY1,2,65
945,9533055461,EMWA100,EMWA1,2,65
946,9533055461,ESSA100,ESSA1,4,210
947,9533055461,EVMA1R2,EVMA3,6,475
948,9533055461,EZSA100,EZSA1,1,105
949,9533055461,EZSB100,EZSB1,1,105
950,9533055461,FDNC1R0,FDNC0,5,350
951,9533055461,FPRA1R0,FPLC0,12,250
952,9533055461,FPRA2R0,FPLC3,12,250
953,9533055461,FSLH1R0,FSLH2,1,999
954,9533055461,FSLI1R0,FSLI2,1,999
955,9533055461,FSLL1R0,FSLL2,1,999
956,9533055461,FSMO1R0,FSMO4,2,230
957,9533055461,FSMP1R0,FSMP4,1,230
958,9533055461,FSMP1R0,FSMP4,1,230
959,9533055461,JPXB100,JPXB1,3,130
960,9533055461,JPXC100,JPXC1,2,130
961,9533055461,JPXD100,JPXD1,2,130
962,9533055461,JPXE100,JPXE1,2,130
963,9533055461,JPXF100,JPXF1,2,130
964,9533055461,JPXG100,JPXG1,2,130
965,9533055461,JPXH100,JPXH1,1,130
966,9533055461,JPXI100,JPXI1,3,130
967,9533055461,JPXJ100,JPXJ1,2,130
968,9533055461,JPXK100,JPXK1,2,130
969,9533055461,JPXL100,JPXL1,2,130
970,9533055461,JPXM100,JPXM1,2,130
971,9533055461,JPXN100,JPXN1,2,130
972,9533055461,JPXO100,JPXO1,3,130
973,9533055461,JPXP100,JPXP1,3,130
974,9533055461,JPXQ100,JPXQ1,3,130
975,9533055461,JPXR100,JPXR1,3,130
976,9533055461,JPXS100,JPXS1,3,130
977,9533055461,JPXT100,JPXT1,3,130
978,9533055461,JPXU100,JPXU1,2,130
979,9533055461,JPXW100,JPXW1,3,130
980,9533055461,JPXX100,JPXX1,2,130
981,9533055461,JPXY100,JPXY1,3,130
982,9533055461,KAJE1R0,KAJC0,1,210
983,9533055461,KAJE1R0,KAJC0,23,210
984,9533055461,KAJL1R1,KAJC7,1,350
985,9533055461,LCLH1R0,LCLF6,2,450
986,9533055461,LCLI1R0,LCLG2,2,429
987,9533055461,LCLL1R0,LCLG4,2,429
988,9533055461,LCLM1R0,LCLM2,2,450
989,9533055461,LCLP1R0,LCLE8,2,450
990,9533055461,LCLQ1R0,LCLF7,2,429
991,9533055461,LCLS1R0,LCLE7,1,429
992,9533055461,LCLT1R0,LCLT2,2,429
993,9533055461,LCLU1R0,LCLF8,1,450
994,9533055461,LCLV1R0,LCLE5,2,429
995,9533055461,LCLW1R0,LCLG3,2,429
996,9533055461,LCML1R0,LCLE9,2,429
997,9533055461,LCMM1R0,LCLE6,2,429
998,9533055461,LCMO1R0,LCLF0,2,429
999,9533055461,LCMQ1R0,LCLE3,1,429
1000,9533055461,LCMQ1R0,LCLE3,1,429
1001,9533055461,LCMS1R0,LCMS2,2,429
1002,9533055461,LCMU1R0,LCLF3,2,429
1003,9533055461,LCNA1R0,LCNA2,2,429
1004,9533055461,LCNB1R0,LCLE4,2,429
1005,9533055461,LCRA1R0,LCRH7,1,399
1006,9533055461,LCRC1R0,LCRH6,1,399
1007,9533055461,LCRR1R1,LCRR2,2,375
1008,9533055461,LCSR1R0,LCTY3,1,349
1009,9533055461,LCST1R0,LCTZ9,1,325
1010,9533055461,LCSW100,LCSW1,1,399
1011,9533055461,LCTB1R2,LCTB0,1,269
1012,9533055461,LCTB1R2,LCTB0,1,249
1013,9533055461,LDAC100,LDAC1,4,149
1014,9533055461,LEBB1R6,LEBG4,1,799
1015,9533055461,LEBB1R7,LEBG6,2,499
1016,9533055461,LEBZ100,LEBZ1,1,399
1017,9533055461,LEQG1R2,LELI0,1,375
1018,9533055461,LEQJ1R3,LEQJ3,1,375
1019,9533055461,LEQK1R3,LEQK3,1,375
1020,9533055461,LEQO1R3,LEQO3,1,375
1021,9533055461,LEQW1R3,LEQW3,1,375
1022,9533055461,LEQY1R3,LEQY2,1,375
1023,9533055461,LERE1R3,LERE2,1,375
1024,9533055461,LERN1R2,LELM0,1,375
1025,9533055461,LFMG1R0,LFMG0,1,975
1026,9533055461,LFMO1R0,LFMO2,1,649
1027,9533055461,LFMP1R0,LFMP4,1,649
1028,9533055461,LFMQ1R0,LFMQ4,1,649
1029,9533055461,LFWX1R1,LCTZ4,1,475
1030,9533055461,LFWY1R1,LCTZ2,1,649
1031,9533055461,LIOA1R2,LIPG3,1,160
1032,9533055461,LIOB1R2,LIPG4,1,160
1033,9533055461,LIOC1R1,LIPE2,1,160
1034,9533055461,LIOD1R1,LIPD2,1,160
1035,9533055461,LIOE1R1,LIPE3,1,160
1036,9533055461,LIOG1R1,LIPE4,1,160
1037,9533055461,LIOH1R2,LIPH6,1,160
1038,9533055461,LIOJ1R1,LIPD3,1,160
1039,9533055461,LIOL1R1,LIOF6,1,160
1040,9533055461,LIOM1R1,LIOF7,1,160
1041,9533055461,LIOQ1R1,LIOI5,1,160
1042,9533055461,LIOR1R2,LIOI6,1,160
1043,9533055461,LIOS1R2,LIOI7,1,160
1044,9533055461,LIOT1R2,LIOI8,1,160
1045,9533055461,LIOV1R0,LIOV5,1,160
1046,9533055461,LIOY1R1,LIOY5,1,160
1047,9533055461,LIOZ1R0,LIOZ5,1,160
1048,9533055461,LIPH1R0,LIPH7,1,160
1049,9533055461,LIPK100,LIPK1,1,135
1050,9533055461,LIPK1R0,LIPK3,1,160
1051,9533055461,LIPL1R0,LIPL3,1,160
1052,9533055461,LIPM1R0,LIPM3,1,160
1053,9533055461,LIPQ1R0,LIPQ3,1,160
1054,9533055461,LIPS100,LIPS1,1,135
1055,9533055461,LIPS1R0,LIPS3,1,160
1056,9533055461,LIPT1R0,LIPT3,1,160
1057,9533055461,LIPV1R0,LIPV3,1,160
1058,9533055461,LIPW1R0,LIPW3,1,160
1059,9533055461,LIPX1R0,LIPX3,1,160
1060,9533055461,LISE2R0,LWFD5,2,269
1061,9533055461,LLOF1R0,LLOF0,6,249
1062,9533055461,LLUQ1R0,LLUQ2,1,650
1063,9533055461,LLUR1R0,LLUR2,1,650
1064,9533055461,LLUS1R0,LLUS2,1,650
1065,9533055461,LLUT1R0,LLUT2,1,650
1066,9533055461,LLUU1R0,LLUU2,1,650
1067,9533055461,LLUW1R0,LLUW2,1,650
1068,9533055461,LLUX1R1,LLVR3,1,650
1069,9533055461,LLUY1R0,LLUY2,1,650
1070,9533055461,LLVB1R0,LLVB2,1,650
1071,9533055461,LLVC1R0,LLVC2,1,650
1072,9533055461,LMMC1R7,LMMO8,1,135
1073,9533055461,LMMD1R6,LMMO9,1,274
1074,9533055461,LMMH1R5,LMMP0,1,435
1075,9533055461,LMMI1R4,LMMP4,1,149
1076,9533055461,LMMJ1R4,LMMP5,1,299
1077,9533055461,LMMK1R3,LMMP6,1,520
1078,9533055461,LMMP1R0,LMMP8,1,64
1079,9533055461,LMMT1R0,LMMO3,1,545
1080,9533055461,LPRE1R6,LPRI7,1,599
1081,9533055461,LPRE1R6,LPRI7,1,599
1082,9533055461,LPSR100,LPSR1,1,575
1083,9533055461,LPSU100,LPSU1,1,269
1084,9533055461,LSEM1R6,LSEM0,2,475
1085,9533055461,LSEN1R5,LSEN4,2,369
1086,9533055461,LSEP1R5,LSEP0,2,625
1087,9533055461,LSEQ1R3,LSEQ3,3,349
1088,9533055461,LSEQ1R3,LSEQ3,1,349
1089,9533055461,LSEW1R3,LSEW3,2,625
1090,9533055461,LSFE1R6,LSFE6,2,625
1091,9533055461,LSFK100,LSFK1,1,399
1092,9533055461,LSFU100,LSFU1,2,499
1093,9533055461,LSPE100,LSPE1,1,649
1094,9533055461,LWFW1R0,LWFW0,1,100
1095,9533055461,LYIA1R6,LYIZ4,2,999
1096,9533055461,LYIC1R6,LYIZ5,2,1099
1097,9533055461,OEZA100,OEZA1,2,275
1098,9533055461,QDEB1R0,QDEB4,24,190
1099,9533055461,QDEC1R0,QDEC0,2,750
1100,9533055461,QQNA100,QQNA1,1,295
1101,9533055461,QQNC100,QQNC1,1,295
1102,9533055461,RCCM5R0,RCCN6,3,650
1103,9533055461,RCCM7R0,RCCM0,3,650
1104,9533055461,RCCM8R2,RCCN0,3,650
1105,9533055461,RCCO1R0,RCCE0,12,240
1106,9533055461,RCCP1R0,RCCD8,12,240
1107,9533055461,RCCQ1R0,RCCD9,12,240
1108,9533055461,RCCR1R0,RCCD7,12,240
1109,9533055461,RCCS1R0,RCCD0,12,240
1110,9533055461,RCCU1R0,RCCD6,6,240
1111,9533055461,SLCA1R0,SLCA0,1,290
1112,9533055461,SLCA1R0,SLCA0,1,249
1113,9533055461,SLCB1R0,SLCB0,2,290
1114,9533055461,SLCD1R0,SLCD0,2,249
1115,9533055461,SNCX100,SNCX1,4,599
1116,9533055461,SNCY100,SNCY1,4,599
1117,9533055461,SNCZ100,SNCZ1,4,599
1118,9533055461,SVCA100,SVCA1,1,350
1119,9533055461,SVCB100,SVCB1,1,380
1120,9533055461,SVCD100,SVCD1,1,380
1121,9533055461,UGSA100,UGSA1,1,350
1122,9533055461,UGSB100,UGSB1,1,350
1123,9533055461,UGSC100,UGSC1,1,350
1124,9533055461,UGSD100,UGSD1,1,350
1125,9533055461,UGSE100,UGSE1,1,350
1126,9533055461,UGSF100,UGSF1,1,350
1127,9533055461,UGSG100,UGSG1,1,350
1128,9533055461,UGSI100,UGSI1,1,350
1129,9533055461,UGSJ100,UGSJ1,1,350
1130,9533055461,UGSK100,UGSK1,1,350
1131,9533055461,UGSL100,UGSL1,1,350
1132,9533055461,UMUD1R2,UMUZ6,6,225
1133,9533055461,UMUD2R2,UMUZ5,6,225
1134,9533055461,UMUD3R3,UMUY4,6,225
1135,9533055461,UMUD4R2,UMUZ7,6,225
1136,9533055461,UMUG1R2,UMUZ9,1,399
1137,9533055461,UMUI1R2,UMUZ8,1,399
1138,9533055461,UMUL1R1,UMUY2,1,399
1139,9533055461,UMUL1R3,UMUY3,1,399
1140,9533055461,WCTJ1R0,WCTJ0,6,850
1141,9533055461,WCTX100,WCTX1,2,499
1142,9533055461,XICB100,XICB1,2,650
1143,9533055461,XICC100,XICC1,2,650
1144,9533055461,XICD100,XICD1,2,650
1145,9533055461,XICE100,XICE1,2,650
1146,9533055461,XICF100,XICF1,2,650
1147,9533055461,XICG100,XICG1,1,650
1148,9533055461,XICH100,XICH1,2,650
1149,9533055461,XICI100,XICI1,2,650
1150,9533055461,XICJ100,XICJ1,2,650
1151,9533055461,XICK100,XICK1,2,650
1152,9533055461,XICL100,XICL1,2,650
1153,9533055461,XICM100,XICM1,2,650
1154,9533055461,XICN100,XICN1,2,650
1155,9533055461,XICO100,XICO1,2,650
1156,9533055461,XICP100,XICP1,2,650
1157,9533055461,XICQ100,XICQ1,2,650
1158,9533055461,XICR100,XICR1,2,650
1159,9533055461,XICS100,XICS1,2,650
1160,9533055461,XICU100,XICU1,2,650
1161,9533057081,SFWG100,SFWG1,1,275
1162,9533057081,SMFA100,SMFA1,1,275
1163,9533057080,LPRD1R0,LPRI9,1,99
1164,9533057080,LSES1R2,LSEZ3,1,110
1165,9533057080,LSEV1R3,LSEV3,4,369
1166,9533057080,LSPB1R5,LSPC0,4,369
1167,9533057080,BWIA100,BWIA1,1,899
1168,9533057080,BWIB100,BWIB1,1,899
1169,9533057080,CCBC100,CCBC1,4,135
1170,9533057080,DWXA1R0,DWXA2,1,699
1171,9533057080,DWXB1R0,DWXB2,1,699
1172,9533057080,DWXC1R0,DWXC2,1,699
1173,9533057080,DWXG1R0,DWXG2,1,650
1174,9533057080,DWXH1R1,DWXH2,1,650
1175,9533057080,ECOE100,ECOE1,2,130
1176,9533057080,ECOF100,ECOF1,1,130
1177,9533057080,EEDA1R4,EEDA9,20,125
1178,9533057080,EFOF100,EFOF1,1,120
1179,9533057080,EFOG100,EFOG1,1,120
1180,9533057080,ELFF1R2,ELEB5,10,105
1181,9533057080,ELFG1R0,LPMA7,1,625
1182,9533057080,ELFJ1R0,LPMA6,1,625
1183,9533057080,ELFL1R0,LPMA5,1,625
1184,9533057080,ELLA1R1,ELLA4,5,299
1185,9533057080,ELVW100,ELVW1,2,65
1186,9533057080,ELWN100,ELWN1,2,65
1187,9533057080,ELWO100,ELWO1,2,65
1188,9533057080,ELWQ100,ELWQ1,2,65
1189,9533057080,ELWR100,ELWR1,2,65
1190,9533057080,ELWU100,ELWU1,2,65
1191,9533057080,EMEC100,EMEC2,1,120
1192,9533057080,EMED100,EMED2,1,120
1193,9533057080,EMEK100,EMEK2,1,120
1194,9533057080,EMNX100,EMNX1,2,65
1195,9533057080,EMNY100,EMNY1,2,65
1196,9533057080,EMNZ100,EMNZ1,2,65
1197,9533057080,EMOZ100,EMOZ1,2,65
1198,9533057080,EMPR100,EMPR1,2,65
1199,9533057080,EMPS100,EMPS1,4,65
1200,9533057080,EMPT100,EMPT1,4,65
1201,9533057080,EMPU100,EMPU1,4,65
1202,9533057080,EMPV100,EMPV1,2,65
1203,9533057080,EMPW100,EMPW1,2,65
1204,9533057080,EMPY100,EMPY1,2,65
1205,9533057080,EMPZ100,EMPZ1,2,65
1206,9533057080,EMQN100,EMQN1,2,65
1207,9533057080,EMQO100,EMQO1,2,65
1208,9533057080,EMQP100,EMQP1,4,65
1209,9533057080,EMQQ100,EMQQ1,4,65
1210,9533057080,EMQU100,EMQU1,4,65
1211,9533057080,EMQV100,EMQV1,4,65
1212,9533057080,EMQW100,EMQW1,4,65
1213,9533057080,EMQX100,EMQX1,4,65
1214,9533057080,EMRN100,EMRN1,4,65
1215,9533057080,EMRO100,EMRO1,4,65
1216,9533057080,EMRP100,EMRP1,4,65
1217,9533057080,EMRQ100,EMRQ1,4,65
1218,9533057080,EMRR100,EMRR1,4,65
1219,9533057080,EMRS100,EMRS1,4,65
1220,9533057080,EMRU100,EMRU1,4,65
1221,9533057080,EMRV100,EMRV1,4,65
1222,9533057080,EMRX100,EMRX1,4,65
1223,9533057080,EMRY100,EMRY1,4,65
1224,9533057080,EMRZ100,EMRZ1,4,65
1225,9533057080,EMSO100,EMSO1,3,65
1226,9533057080,EMSP100,EMSP1,4,65
1227,9533057080,EMSQ100,EMSQ1,4,65
1228,9533057080,EMSR100,EMSR1,4,65
1229,9533057080,EMSS100,EMSS1,4,65
1230,9533057080,EMSU100,EMSU1,4,65
1231,9533057080,EMSV100,EMSV1,4,65
1232,9533057080,EMSW100,EMSW1,4,65
1233,9533057080,EMSX100,EMSX1,4,65
1234,9533057080,EMSY100,EMSY1,1,65
1235,9533057080,EMSY100,EMSY1,3,65
1236,9533057080,EMSZ100,EMSZ1,4,65
1237,9533057080,EMTY100,EMTY1,4,65
1238,9533057080,EMUL100,EMUL1,6,70
1239,9533057080,EMUP100,EMUP1,4,65
1240,9533057080,EMUQ100,EMUQ1,4,65
1241,9533057080,EMUR100,EMUR1,4,65
1242,9533057080,EMUS100,EMUS1,4,65
1243,9533057080,EMUT100,EMUT1,4,65
1244,9533057080,EMUU100,EMUU1,1,65
1245,9533057080,EMUU100,EMUU1,3,65
1246,9533057080,EMUW100,EMUW1,4,65
1247,9533057080,EMUY100,EMUY1,4,65
1248,9533057080,EMUZ100,EMUZ1,1,65
1249,9533057080,EMUZ100,EMUZ1,3,65
1250,9533057080,EMVN100,EMVN1,3,65
1251,9533057080,EMVN100,EMVN1,1,65
1252,9533057080,EMVO100,EMVO1,4,65
1253,9533057080,EMVP100,EMVP1,3,65
1254,9533057080,EMVP100,EMVP1,1,65
1255,9533057080,EMVR100,EMVR1,1,65
1256,9533057080,EMVS100,EMVS1,4,65
1257,9533057080,EMVT100,EMVT1,4,65
1258,9533057080,EMVU100,EMVU1,4,65
1259,9533057080,EMVV100,EMVV1,4,65
1260,9533057080,EMVW100,EMVW1,2,65
1261,9533057080,EMVX100,EMVX1,4,65
1262,9533057080,EMVY100,EMVY1,4,65
1263,9533057080,EMWA100,EMWA1,4,65
1264,9533057080,ESDD1R1,ESDB0,1,675
1265,9533057080,ESSA100,ESSA1,6,210
1266,9533057080,EVMA1R2,EVMA3,6,475
1267,9533057080,FDNB1R0,FDNB0,4,899
1268,9533057080,FDNC1R0,FDNC0,5,350
1269,9533057080,FPCH100,FPCA9,1,500
1270,9533057080,FPEL1R1,FPEL3,1,850
1271,9533057080,FPRA1R0,FPLC0,12,250
1272,9533057080,FPRA2R0,FPLC3,12,250
1273,9533057080,FSLH1R0,FSLH2,2,999
1274,9533057080,FSLI1R0,FSLI2,2,999
1275,9533057080,FSLJ1R0,FSLJ2,2,999
1276,9533057080,FSLK1R0,FSLK3,2,999
1277,9533057080,FSLL1R0,FSLL2,2,999
1278,9533057080,FSLM1R0,FSLM2,2,999
1279,9533057080,FSLP1R0,FSLP4,1,750
1280,9533057080,FSLQ1R0,FSLQ4,1,750
1281,9533057080,FSLR1R0,FSLR4,2,750
1282,9533057080,FSLS1R0,FSLS4,2,750
1283,9533057080,IRAA100,IRAA1,1,185
1284,9533057080,JPXG100,JPXG1,6,130
1285,9533057080,JPXH100,JPXH1,6,130
1286,9533057080,JPXI100,JPXI1,6,130
1287,9533057080,JPXJ100,JPXJ1,6,130
1288,9533057080,JPXK100,JPXK1,6,130
1289,9533057080,JPXL100,JPXL1,6,130
1290,9533057080,JPXM100,JPXM1,6,130
1291,9533057080,JPXP100,JPXP1,6,130
1292,9533057080,JPXR100,JPXR1,6,130
1293,9533057080,JPXS100,JPXS1,6,130
1294,9533057080,JPXT100,JPXT1,6,130
1295,9533057080,JPXU100,JPXU1,6,130
1296,9533057080,JPXV100,JPXV1,6,130
1297,9533057080,JPXW100,JPXW1,6,130
1298,9533057080,JPXX100,JPXX1,6,130
1299,9533057080,JPXY100,JPXY1,6,130
1300,9533057080,KAJE1R0,KAJC0,10,210
1301,9533057080,KAJW1R3,KAJW4,6,420
1302,9533057080,KAKA1R0,KAJD0,8,299
1303,9533057080,KBJA1R0,KAJZ4,1,950
1304,9533057080,LCLE1R0,LCLF4,1,429
1305,9533057080,LCLF1R0,LCLF9,1,450
1306,9533057080,LCLG1R0,LCLF5,1,429
1307,9533057080,LCLH1R0,LCLF6,1,450
1308,9533057080,LCLI1R0,LCLG2,1,450
1309,9533057080,LCLL1R0,LCLG4,1,429
1310,9533057080,LCLO1R0,LCLO2,1,450
1311,9533057080,LCLP1R0,LCLE8,1,450
1312,9533057080,LCLQ1R0,LCLF7,1,429
1313,9533057080,LCLS1R0,LCLE7,1,429
1314,9533057080,LCLW1R0,LCLG3,1,429
1315,9533057080,LCML1R0,LCLE9,1,429
1316,9533057080,LCMM1R0,LCLE6,1,429
1317,9533057080,LCMO1R0,LCLF0,1,429
1318,9533057080,LCMW1R0,LCLE0,1,450
1319,9533057080,LCNB1R0,LCLE4,2,429
1320,9533057080,LCRA1R0,LCRH7,1,399
1321,9533057080,LCRC1R0,LCRH6,1,399
1322,9533057080,LCRN1R1,LCRH4,1,399
1323,9533057080,LCRO1R1,LCRH5,1,399
1324,9533057080,LCRX100,LCRX1,2,260
1325,9533057080,LCST1R0,LCTZ9,1,325
1326,9533057080,LCSW100,LCSW1,1,399
1327,9533057080,LEBC1R2,LEBG3,2,899
1328,9533057080,LECB1R0,LEBF8,2,325
1329,9533057080,LEOX1R0,LEOX2,1,349
1330,9533057080,LEOZ1R0,LEOZ2,1,375
1331,9533057080,LEQJ1R3,LEQJ3,1,375
1332,9533057080,LFME1R0,LFME0,1,975
1333,9533057080,LFMF1R0,LFMF0,1,975
1334,9533057080,LFMG1R0,LFMG0,1,975
1335,9533057080,LFWJ2R0,LWFD4,1,130
1336,9533057080,LFWY1R1,LCTZ2,1,649
1337,9533057080,LIOB1R2,LIPG4,1,160
1338,9533057080,LIOC1R1,LIPE2,2,160
1339,9533057080,LIOD1R1,LIPD2,2,160
1340,9533057080,LIOE1R1,LIPE3,2,160
1341,9533057080,LIOF1R2,LIPH5,1,160
1342,9533057080,LIOG1R1,LIPE4,2,160
1343,9533057080,LIOJ1R1,LIPD3,1,160
1344,9533057080,LION1R1,LIOF8,2,160
1345,9533057080,LIOR1R2,LIOI6,2,160
1346,9533057080,LIOT1R2,LIOI8,2,160
1347,9533057080,LIPL1R0,LIPL3,2,160
1348,9533057080,LIPM1R0,LIPM3,2,160
1349,9533057080,LIPQ1R0,LIPQ3,2,160
1350,9533057080,LIPW1R0,LIPW3,2,160
1351,9533057080,LLOG1R0,LLOG0,6,249
1352,9533057080,LLOH1R0,LLOH0,6,249
1353,9533057080,LLOK1R0,LLOK0,6,249
1354,9533057080,LMMP1R0,LMMP8,1,64
1355,9533057080,LNWA100,LNWA1,2,150
1356,9533057080,LPRJ1R7,LPRK0,1,649
1357,9533057080,LSEN1R5,LSEN4,2,369
1358,9533057080,LSEP1R5,LSEP0,2,625
1359,9533057080,LSEW1R3,LSEW3,2,625
1360,9533057080,LSFE1R6,LSFE6,2,625
1361,9533057080,LYIA1R6,LYIZ4,2,999
1362,9533057080,LYIC1R6,LYIZ5,2,1099
1363,9533057080,MPFA100,MPFA1,2,299
1364,9533057080,MPFB100,MPFB1,2,299
1365,9533057080,MPFC100,MPFC1,3,299
1366,9533057080,MPFE100,MPFE1,2,299
1367,9533057080,MPFF100,MPFF1,1,299
1368,9533057080,MPFG100,MPFG1,1,299
1369,9533057080,MPFI100,MPFI1,3,299
1370,9533057080,QDEB1R0,QDEB4,12,190
1371,9533057080,RCCO1R0,RCCE0,12,240
1372,9533057080,RCCP1R0,RCCD8,12,240
1373,9533057080,RCCQ1R0,RCCD9,9,240
1374,9533057080,RCCQ1R0,RCCD9,3,240
1375,9533057080,RCCR1R0,RCCD7,12,240
1376,9533057080,RCCS1R0,RCCD0,12,240
1377,9533057080,RCCU1R0,RCCD6,6,240
1378,9533057080,SLCB1R0,SLCB0,1,290
1379,9533057080,SLCD1R0,SLCD0,1,249
1380,9533057080,SNCX100,SNCX1,2,599
1381,9533057080,SNCY100,SNCY1,2,599
1382,9533057080,SNCZ100,SNCZ1,2,599
1383,9533057080,SVCA100,SVCA1,1,350
1384,9533057080,SVCB100,SVCB1,1,380
1385,9533057080,SVCD100,SVCD1,1,380
1386,9533057080,SVCE100,SVCE1,1,380
1387,9533057080,ULLB1R0,ULLC8,1,299
1388,9533057080,ULLB2R0,ULLB0,1,299
1389,9533057080,ULLB4R0,ULLC9,1,299
1390,9533057080,UMUD1R2,UMUZ6,6,225
1391,9533057080,UMUD2R2,UMUZ5,6,225
1392,9533057080,UMUD3R3,UMUY4,6,225
1393,9533057080,UMUD4R2,UMUZ7,6,225
1394,9533057080,UMUG1R2,UMUZ9,1,399
1395,9533057080,UMUI1R2,UMUZ8,1,399
1396,9533057080,UMUL1R1,UMUY2,1,399
1397,9533057080,UMUL1R3,UMUY3,1,399
1398,9533057080,UMWY1R1,UMUZ3,12,209
1399,9533057080,UMWZ1R1,UMUZ2,6,225
1400,9533057080,VCCH100,VCCH1,1,300
1401,9533057080,VCCI100,VCCI1,1,330
1402,9533057080,VCCJ100,VCCJ1,1,330
1403,9533057080,VCCK100,VCCK1,1,330
1404,9533057080,VSTD100,VSTD1,1,430
1405,9533057080,VSTE100,VSTE1,1,399
1406,9533057080,VSTF100,VSTF1,1,430
1407,9533057080,VSTG100,VSTG1,1,399
1408,9533057080,VSTI100,VSTI1,1,430
1409,9533057080,VSTJ100,VSTJ1,1,399
1410,9533057080,VSTL100,VSTL1,1,399
1411,9533057080,XICB100,XICB1,1,650
1412,9533057080,XICC100,XICC1,1,650
1413,9533057080,XICD100,XICD1,1,650
1414,9533057080,XICE100,XICE1,1,650
1415,9533057080,XICF100,XICF1,1,650
1416,9533057080,XICG100,XICG1,1,650
1417,9533057080,XICH100,XICH1,1,650
1418,9533057080,XICI100,XICI1,1,650
1419,9533057080,XICJ100,XICJ1,1,650
1420,9533057080,XICK100,XICK1,1,650
1421,9533057080,XICL100,XICL1,1,650
1422,9533057080,XICM100,XICM1,1,650
1423,9533057080,XICN100,XICN1,1,650
1424,9533057080,XICO100,XICO1,1,650
1425,9533057080,XICP100,XICP1,1,650
1426,9533057080,XICQ100,XICQ1,1,650
1427,9533057080,XICR100,XICR1,1,650
1428,9533057080,XICS100,XICS1,1,650
1429,9533057080,XICT100,XICT1,1,650
1430,9533057080,XICU100,XICU1,1,650
1431,9533057080,XPHC100,XPHC1,1,299
1432,9533057080,YIKB100,YIKB1,1,650
1433,9533057080,YVCD100,YVCD1,1,350
1434,9533057080,YVCE100,YVCE1,1,350
1437,9533073187,DWXA1R0,DWXA2,1,699
1438,9533073187,DWXB1R0,DWXB2,1,699
1439,9533073187,DWXC1R0,DWXC2,1,699
1440,9533073187,DWXD1R0,DWXD2,1,699
1441,9533073187,DWXE1R0,DWXE2,2,650
1442,9533073187,DWXF1R0,DWXF2,1,699
1443,9533073187,DWXH1R1,DWXH2,1,650
1444,9533073187,EBPA1R0,EBPA4,10,99
1445,9533073187,ECOE100,ECOE1,2,130
1446,9533073187,ECOF100,ECOF1,2,130
1447,9533073187,ECOH100,ECOH1,2,130
1448,9533073187,EEDA1R4,EEDA9,105,125
1449,9533073187,ELFF1R2,ELEB5,12,105
1450,9533073187,ELFH1R0,LPMA8,1,625
1451,9533073187,ELFJ1R0,LPMA6,1,625
1452,9533073187,ELFL1R0,LPMA5,1,625
1453,9533073187,ELFM1R0,LPMA3,1,625
1454,9533073187,EMDP100,EMDP2,3,120
1455,9533073187,EMDT100,EMDT0,3,120
1456,9533073187,EMDU100,EMDU2,2,120
1457,9533073187,EMEF100,EMEF2,2,120
1458,9533073187,EMEK100,EMEK2,1,120
1459,9533073187,EMNX100,EMNX1,3,65
1460,9533073187,EMNY100,EMNY1,3,65
1461,9533073187,EMNZ100,EMNZ1,3,65
1462,9533073187,EMOZ100,EMOZ1,3,65
1463,9533073187,EMPR100,EMPR1,4,65
1464,9533073187,EMPS100,EMPS1,4,65
1465,9533073187,EMPT100,EMPT1,4,65
1466,9533073187,EMPV100,EMPV1,5,65
1467,9533073187,EMPW100,EMPW1,4,65
1468,9533073187,EMPY100,EMPY1,3,65
1469,9533073187,EMPZ100,EMPZ1,1,65
1470,9533073187,EMQN100,EMQN1,3,65
1471,9533073187,EMQO100,EMQO1,4,65
1472,9533073187,EMQP100,EMQP1,4,65
1473,9533073187,EMQQ100,EMQQ1,2,65
1474,9533073187,EMQU100,EMQU1,3,65
1475,9533073187,EMQV100,EMQV1,4,65
1476,9533073187,EMQW100,EMQW1,4,65
1477,9533073187,EMQY100,EMQY1,1,65
1478,9533073187,EMRN100,EMRN1,4,65
1479,9533073187,EMRO100,EMRO1,4,65
1480,9533073187,EMRP100,EMRP1,4,65
1481,9533073187,EMRR100,EMRR1,4,65
1482,9533073187,EMRS100,EMRS1,3,65
1483,9533073187,EMRU100,EMRU1,3,65
1484,9533073187,EMRV100,EMRV1,3,65
1485,9533073187,EMSP100,EMSP1,3,65
1486,9533073187,EMSQ100,EMSQ1,3,65
1487,9533073187,EMSR100,EMSR1,4,65
1488,9533073187,EMSU100,EMSU1,4,65
1489,9533073187,EMSV100,EMSV1,4,65
1490,9533073187,EMSY100,EMSY1,3,65
1491,9533073187,EMSZ100,EMSZ1,3,65
1492,9533073187,EMTX100,EMTX1,1,65
1493,9533073187,EMTX100,EMTX1,2,65
1494,9533073187,EMUL100,EMUL1,12,70
1495,9533073187,EMUP100,EMUP1,3,65
1496,9533073187,EMUQ100,EMUQ1,3,65
1497,9533073187,EMUR100,EMUR1,3,65
1498,9533073187,EMUS100,EMUS1,3,65
1499,9533073187,EMUT100,EMUT1,3,65
1500,9533073187,EMUU100,EMUU1,3,65
1501,9533073187,EMUX100,EMUX1,3,65
1502,9533073187,EMVN100,EMVN1,3,65
1503,9533073187,EMVP100,EMVP1,3,65
1504,9533073187,EMVR100,EMVR1,3,65
1505,9533073187,EMVW100,EMVW1,2,65
1506,9533073187,EMVX100,EMVX1,2,65
1507,9533073187,EZSA100,EZSA1,2,105
1508,9533073187,EZSB100,EZSB1,2,105
1509,9533073187,FDNA1R0,FDNA0,2,899
1510,9533073187,FDNB1R0,FDNB0,1,899
1511,9533073187,FPEL1R1,FPEL3,1,850
1512,9533073187,FPRA2R0,FPLC3,12,250
1513,9533073187,FSLP1R0,FSLP4,1,750
1514,9533073187,FSMO1R0,FSMO4,2,230
1515,9533073187,FSMP1R0,FSMP4,2,230
1516,9533073187,JPXI100,JPXI1,3,130
1517,9533073187,JPXK100,JPXK1,3,130
1518,9533073187,JPXL100,JPXL1,3,130
1519,9533073187,JPXN100,JPXN1,2,130
1520,9533073187,JPXO100,JPXO1,1,130
1521,9533073187,JPXQ100,JPXQ1,1,130
1522,9533073187,JPXR100,JPXR1,3,130
1523,9533073187,JPXS100,JPXS1,3,130
1524,9533073187,JPXT100,JPXT1,3,130
1525,9533073187,KAJL1R1,KAJC7,1,350
1526,9533073187,KAJS1R1,KAJC9,1,350
1527,9533073187,LCLE1R0,LCLF4,1,429
1528,9533073187,LCLF1R0,LCLF9,1,450
1529,9533073187,LCLG1R0,LCLF5,1,429
1530,9533073187,LCLH1R0,LCLF6,1,450
1531,9533073187,LCLI1R0,LCLG2,1,450
1532,9533073187,LCLJ1R0,LCLJ2,1,429
1533,9533073187,LCLL1R0,LCLG4,1,429
1534,9533073187,LCLM1R0,LCLM2,1,429
1535,9533073187,LCLP1R0,LCLE8,1,450
1536,9533073187,LCLQ1R0,LCLF7,1,429
1537,9533073187,LCLS1R0,LCLE7,1,429
1538,9533073187,LCLU1R0,LCLF8,1,429
1539,9533073187,LCLV1R0,LCLE5,1,429
1540,9533073187,LCLW1R0,LCLG3,1,429
1541,9533073187,LCLY1R0,LCLY0,1,429
1542,9533073187,LCML1R0,LCLE9,1,429
1543,9533073187,LCMM1R0,LCLE6,1,429
1544,9533073187,LCMO1R0,LCLF0,1,450
1545,9533073187,LCMQ1R0,LCLE3,1,429
1546,9533073187,LCMS1R0,LCMS2,1,450
1547,9533073187,LCMU1R0,LCLF3,1,429
1548,9533073187,LCMZ1R0,LCMZ0,1,429
1549,9533073187,LCNA1R0,LCNA2,1,429
1550,9533073187,LCNB1R0,LCLE4,1,429
1551,9533073187,LCND1R0,LCND2,1,429
1552,9533073187,LCNG1R0,LCNG2,1,450
1553,9533073187,LCNP1R0,LCNP0,1,429
1554,9533073187,LCRA1R0,LCRH7,1,399
1555,9533073187,LCRC1R0,LCRH6,1,399
1556,9533073187,LCRO1R1,LCRH5,1,399
1557,9533073187,LCRR1R1,LCRR2,1,375
1558,9533073187,LCRX100,LCRX1,1,260
1559,9533073187,LCTB1R2,LCTB0,3,269
1560,9533073187,LCUB100,LCUB1,1,230
1561,9533073187,LEOW1R0,LEOW2,1,375
1562,9533073187,LEOX1R0,LEOX2,1,375
1563,9533073187,LEQH1R3,LEQH3,1,375
1564,9533073187,LEQI1R2,LELN0,1,375
1565,9533073187,LEQM1R2,LELP0,1,375
1566,9533073187,LEQN1R3,LEQN3,1,375
1567,9533073187,LEQO1R3,LEQO3,1,375
1568,9533073187,LEQS1R3,LEQS3,1,375
1569,9533073187,LEQW1R3,LEQW3,1,375
1570,9533073187,LEQX1R3,LEQX2,1,375
1571,9533073187,LEQY1R3,LEQY2,1,375
1572,9533073187,LERC1R3,LERC2,1,375
1573,9533073187,LERE1R3,LERE2,1,375
1574,9533073187,LERI1R3,LERI2,1,375
1575,9533073187,LERM1R3,LERM3,1,375
1576,9533073187,LERN1R2,LELM0,1,375
1577,9533073187,LERO1R2,LELL0,1,375
1578,9533073187,LERQ1R0,LERQ2,1,375
1579,9533073187,LFMG1R0,LFMG0,1,975
1580,9533073187,LFMQ1R0,LFMQ4,1,649
1581,9533073187,LFWX1R1,LCTZ4,1,435
1582,9533073187,LFWY1R1,LCTZ2,1,649
1583,9533073187,LGAM2R0,LGAM3,1,975
1584,9533073187,LGBA2R0,LGBA0,1,975
1585,9533073187,LGBB2R0,LGBB0,1,975
1586,9533073187,LIOI1R1,LIPF5,1,160
1587,9533073187,LIOL1R1,LIOF6,1,160
1588,9533073187,LIOM1R1,LIOF7,1,160
1589,9533073187,LION1R1,LIOF8,1,160
1590,9533073187,LIOQ1R1,LIOI5,1,160
1591,9533073187,LIOR1R2,LIOI6,1,160
1592,9533073187,LIOT1R2,LIOI8,1,160
1593,9533073187,LIOU100,LIOU3,1,150
1594,9533073187,LIOU1R0,LIOU5,1,160
1595,9533073187,LIOV1R0,LIOV5,1,160
1596,9533073187,LIOY1R1,LIOY5,1,160
1597,9533073187,LIPT1R0,LIPT3,1,160
1598,9533073187,LJSC1R3,LJSC5,3,190
1599,9533073187,LJSD1R3,LJSD3,2,190
1600,9533073187,LLOF1R0,LLOF0,12,249
1601,9533073187,LLOG1R0,LLOG0,3,249
1602,9533073187,LLOK1R0,LLOK0,3,249
1603,9533073187,LLUQ1R0,LLUQ2,1,650
1604,9533073187,LLUR1R0,LLUR2,1,650
1605,9533073187,LLUS1R0,LLUS2,1,650
1606,9533073187,LLUT1R0,LLUT2,1,650
1607,9533073187,LLUU1R0,LLUU2,1,650
1608,9533073187,LLUW1R0,LLUW2,1,650
1609,9533073187,LLUX1R1,LLVR3,1,650
1610,9533073187,LLUZ1R0,LLUZ2,1,650
1611,9533073187,LLVA1R0,LLVA2,1,650
1612,9533073187,LLVC1R0,LLVC2,1,650
1613,9533073187,LLVH1R1,LLVZ2,1,650
1614,9533073187,LMMC1R7,LMMO8,1,135
1615,9533073187,LMMD1R6,LMMO9,1,274
1616,9533073187,LMMH1R5,LMMP0,1,435
1617,9533073187,LMMJ1R4,LMMP5,1,299
1618,9533073187,LNWA100,LNWA1,2,150
1619,9533073187,LPRE1R6,LPRI7,2,599
1620,9533073187,LPRI1R5,LPRI6,4,575
1621,9533073187,LPRJ1R7,LPRK0,1,649
1622,9533073187,LPTC100,LPTC1,1,295
1623,9533073187,LSEL1R6,LSEL0,1,299
1624,9533073187,LSEM1R6,LSEM0,2,475
1625,9533073187,LSEN1R5,LSEN4,2,369
1626,9533073187,LSEQ1R3,LSEQ3,4,349
1627,9533073187,LWFC1R0,LWGC0,1,100
1628,9533073187,MPFE100,MPFE1,3,299
1629,9533073187,MPFF100,MPFF1,2,299
1630,9533073187,MPFG100,MPFG1,2,299
1631,9533073187,MPFI100,MPFI1,2,299
1632,9533073187,QDEB1R0,QDEB4,12,190
1633,9533073187,QDEC1R0,QDEC0,1,799
1634,9533073187,RCCO1R0,RCCE0,6,240
1635,9533073187,RCCP1R0,RCCD8,6,260
1636,9533073187,RCCQ1R0,RCCD9,2,240
1637,9533073187,RCCR1R0,RCCD7,6,240
1638,9533073187,RCCS1R0,RCCD0,12,260
1639,9533073187,RCCU1R0,RCCD6,12,260
1640,9533073187,UMUD1R2,UMUZ6,4,225
1641,9533073187,UMUD1R2,UMUZ6,2,225
1642,9533073187,UMUD2R2,UMUZ5,6,225
1643,9533073187,UMUD3R3,UMUY4,6,225
1644,9533073187,UMUD4R2,UMUZ7,12,225
1645,9533073187,UMUG1R2,UMUZ9,1,399
1646,9533073187,UMUI1R2,UMUZ8,1,399
1647,9533073187,UMUL1R3,UMUY3,1,399
1648,9533073187,VCCJ100,VCCJ1,1,330
1649,9533073187,VSPA100,VSPA1,4,435
1650,9533073187,VSSM100,VSSM1,2,325
1651,9533073187,XICB100,XICB1,2,650
1652,9533073187,XICC100,XICC1,1,650
1653,9533073187,XICD100,XICD1,2,650
1654,9533073187,XICE100,XICE1,2,650
1655,9533073187,XICF100,XICF1,1,650
1656,9533073187,XICG100,XICG1,2,650
1657,9533073187,XICH100,XICH1,2,650
1658,9533073187,XICI100,XICI1,2,650
1659,9533073187,XICJ100,XICJ1,2,650
1660,9533073187,XICK100,XICK1,2,650
1661,9533073187,XICL100,XICL1,2,650
1662,9533073187,XICM100,XICM1,2,650
1663,9533073187,XICN100,XICN1,2,650
1664,9533073187,XICO100,XICO1,2,650
1665,9533073187,XICP100,XICP1,2,650
1666,9533073187,XICQ100,XICQ1,2,650
1667,9533073187,XICR100,XICR1,2,650
1668,9533073187,XICS100,XICS1,2,650
1669,9533073187,XICT100,XICT1,2,650
1670,9533073187,XICU100,XICU1,2,650
1671,9533073187,YIKB100,YIKB1,1,650
1672,9533073187,YVCA100,YVCA1,1,350
1673,9533073187,YVCC100,YVCC1,1,350
1719,9533079074,ELLA1R1,ELLA4,7,299
1720,9533079074,ELVW100,ELVW1,2,65
1721,9533079074,ELWN100,ELWN1,4,65
1722,9533079074,ELWO100,ELWO1,2,65
1723,9533079074,ELWQ100,ELWQ1,8,65
1724,9533079074,ELWR100,ELWR1,1,65
1725,9533079074,ELWR100,ELWR1,2,65
1726,9533079074,ELWU100,ELWU1,1,65
1727,9533079074,EMPR100,EMPR1,6,65
1728,9533079074,EMPS100,EMPS1,4,65
1729,9533079074,EMPT100,EMPT1,5,65
1730,9533079074,EMPU100,EMPU1,6,65
1731,9533079074,EMPV100,EMPV1,7,65
1732,9533079074,EMPW100,EMPW1,1,65
1733,9533079074,EMPZ100,EMPZ1,2,65
1734,9533079074,EMQN100,EMQN1,7,65
1735,9533079074,EMQO100,EMQO1,5,65
1736,9533079074,EMQP100,EMQP1,2,65
1737,9533079074,EMQU100,EMQU1,2,65
1738,9533079074,EMQV100,EMQV1,2,65
1739,9533079074,EMQW100,EMQW1,2,65
1740,9533079074,EMQW100,EMQW1,1,65
1741,9533079074,EMQY100,EMQY1,1,65
1742,9533079074,EMRN100,EMRN1,3,65
1743,9533079074,EMRO100,EMRO1,1,65
1744,9533079074,EMRP100,EMRP1,2,65
1745,9533079074,EMRQ100,EMRQ1,3,65
1746,9533079074,EMRR100,EMRR1,4,65
1747,9533079074,EMRS100,EMRS1,6,65
1748,9533079074,EMRV100,EMRV1,1,65
1749,9533079074,EMSO100,EMSO1,1,65
1750,9533079074,EMSQ100,EMSQ1,4,65
1751,9533079074,EMSR100,EMSR1,2,65
1752,9533079074,EMSU100,EMSU1,4,65
1753,9533079074,EMSV100,EMSV1,1,65
1754,9533079074,EMSW100,EMSW1,4,65
1755,9533079074,EMSX100,EMSX1,3,65
1756,9533079074,EMSY100,EMSY1,4,65
1757,9533079074,EMUQ100,EMUQ1,3,65
1758,9533079074,EMUR100,EMUR1,3,65
1759,9533079074,EMUS100,EMUS1,1,65
1760,9533079074,EMUT100,EMUT1,1,65
1761,9533079074,EMUU100,EMUU1,2,65
1762,9533079074,LCLZ1R0,LCLZ0,1,450
1763,9533079074,OEZA100,OEZA1,3,275
1764,9533079093,PSNX100,PSNX1,1,75
1765,9533079093,ECOH100,ECOH1,1,130
1766,9533079093,EMPR100,EMPR1,1,65
1767,9533079093,EMPT100,EMPT1,1,65
1768,9533079093,EMRO100,EMRO1,1,65
1769,9533079093,EMRS100,EMRS1,1,65
1770,9533079093,EMRU100,EMRU1,1,65
1771,9533079093,EMSO100,EMSO1,1,65
1772,9533079093,EMSQ100,EMSQ1,1,65
1773,9533079093,EMSR100,EMSR1,1,65
1774,9533079093,EMSU100,EMSU1,2,65
1775,9533079093,EMSV100,EMSV1,1,65
1776,9533079093,FSLM1R0,FSLM2,1,975
1777,9533079093,JPXH100,JPXH1,1,130
1778,9533079093,JPXI100,JPXI1,1,130
1779,9533079093,JPXR100,JPXR1,1,130
1780,9533079093,JPXS100,JPXS1,1,130
1781,9533079093,LCMW1R0,LCLE0,1,450
1782,9533079093,LCNB1R0,LCLE4,1,450
1783,9533079093,LCTB1R2,LCTB0,2,269
1784,9533079093,LECF1R1,LECF2,1,499
1785,9533079093,LIPO1R0,LIPO3,1,160
1786,9533079093,LSXA1R1,LSXA2,1,625
1787,9533079093,TWNX1R0,TWNX0,1,150
1788,9533079093,VLTZ100,VLTZ1,1,350
1789,9533079093,VSSM100,VSSM1,1,325
1793,9533078998,QDEB1R0,QDEB4,12,190
1794,9533084434,LCRI1R3,LCRI0,1,115
1795,9533084434,LFWP1R1,LFWR2,2,130
1796,9533084434,LFWQ1R1,LFWR3,2,260
1797,9533084434,LKCB1R2,LKCB0,1,115
1798,9533084434,LMMQ1R0,LMMO2,1,284
1799,9533084434,LPRD1R0,LPRI9,1,99
1800,9533084434,LSES1R2,LSEZ3,1,110
1801,9533084434,LSES1R2,LSEZ3,1,110
1802,9533084434,LSEV1R3,LSEV3,2,369
1803,9533084434,LSPB1R5,LSPC0,4,369
1804,9533084434,LSUJ2R1,LSUJ0,2,269
1805,9533084434,LSUK2R3,LSUK0,2,430
1806,9533084434,DDBD100,DDBD1,1,749
1807,9533084434,DWXA1R0,DWXA2,1,699
1808,9533084434,DWXB1R0,DWXB2,1,699
1809,9533084434,DWXC1R0,DWXC2,1,699
1810,9533084434,DWXE1R0,DWXE2,1,650
1811,9533084434,DWXF1R0,DWXF2,1,699
1812,9533084434,DWXH1R1,DWXH2,1,650
1813,9533084434,EBPA1R0,EBPA4,4,99
1814,9533084434,ECOE100,ECOE1,2,130
1815,9533084434,ECOF100,ECOF1,2,130
1816,9533084434,ECOH100,ECOH1,2,130
1817,9533084434,EFOE100,EFOE1,2,120
1818,9533084434,EFOF100,EFOF1,2,120
1819,9533084434,EFOG100,EFOG1,2,120
1820,9533084434,ELFF1R2,ELEB5,12,105
1821,9533084434,ELFG1R0,LPMA7,1,625
1822,9533084434,ELFJ1R0,LPMA6,1,625
1823,9533084434,ELFL1R0,LPMA5,1,625
1824,9533084434,ELLA1R1,ELLA4,12,299
1825,9533084434,ELWN100,ELWN1,4,65
1826,9533084434,ELWO100,ELWO1,4,65
1827,9533084434,ELXN100,ELXN2,3,125
1828,9533084434,ELXO100,ELXO2,3,125
1829,9533084434,ELXP100,ELXP2,3,125
1830,9533084434,ELXQ100,ELXQ2,3,125
1831,9533084434,ELXR100,ELXR2,3,125
1832,9533084434,EMBV1R0,EMBV4,3,125
1833,9533084434,EMBW1R0,EMBW3,3,125
1834,9533084434,EMDP1R0,EMDP4,3,125
1835,9533084434,EMDV1R0,EMDV4,3,125
1836,9533084434,EMEL1R0,EMEL4,3,125
1837,9533084434,EMNY100,EMNY1,4,65
1838,9533084434,EMNZ100,EMNZ1,4,65
1839,9533084434,EMOZ100,EMOZ1,4,65
1840,9533084434,EMPU100,EMPU1,4,65
1841,9533084434,EMPV100,EMPV1,6,65
1842,9533084434,EMPW100,EMPW1,4,65
1843,9533084434,EMPY100,EMPY1,4,65
1844,9533084434,EMQQ100,EMQQ1,4,65
1845,9533084434,EMQU100,EMQU1,3,65
1846,9533084434,EMQU100,EMQU1,1,65
1847,9533084434,EMQV100,EMQV1,1,65
1848,9533084434,EMQV100,EMQV1,3,65
1849,9533084434,EMQW100,EMQW1,4,65
1850,9533084434,EMQX100,EMQX1,4,65
1851,9533084434,EMQY100,EMQY1,1,65
1852,9533084434,EMQY100,EMQY1,3,65
1853,9533084434,EMRO100,EMRO1,4,65
1854,9533084434,EMRQ100,EMRQ1,4,65
1855,9533084434,EMRR100,EMRR1,4,65
1856,9533084434,EMRV100,EMRV1,4,65
1857,9533084434,EMRX100,EMRX1,4,65
1858,9533084434,EMRY100,EMRY1,4,65
1859,9533084434,EMRZ100,EMRZ1,4,65
1860,9533084434,EMSO100,EMSO1,4,65
1861,9533084434,EMSP100,EMSP1,4,65
1862,9533084434,EMSU100,EMSU1,4,65
1863,9533084434,EMSV100,EMSV1,4,65
1864,9533084434,EMTY100,EMTY1,3,65
1865,9533084434,EMUP100,EMUP1,4,65
1866,9533084434,EMUQ100,EMUQ1,4,65
1867,9533084434,EMUR100,EMUR1,4,65
1868,9533084434,EMUS100,EMUS1,4,65
1869,9533084434,EMUT100,EMUT1,4,65
1870,9533084434,EMUU100,EMUU1,4,65
1871,9533084434,EMUW100,EMUW1,4,65
1872,9533084434,EMUX100,EMUX1,3,65
1873,9533084434,EMUX100,EMUX1,1,65
1874,9533084434,EMUZ100,EMUZ1,4,65
1875,9533084434,EMVO100,EMVO1,3,65
1876,9533084434,EMVO100,EMVO1,1,65
1877,9533084434,EMVP100,EMVP1,4,65
1878,9533084434,EMVR100,EMVR1,4,65
1879,9533084434,EMVS100,EMVS1,4,65
1880,9533084434,EMVT100,EMVT1,2,65
1881,9533084434,EMVT100,EMVT1,2,65
1882,9533084434,EMVU100,EMVU1,4,65
1883,9533084434,EMVV100,EMVV1,4,65
1884,9533084434,EMVW100,EMVW1,1,65
1885,9533084434,EMVX100,EMVX1,3,65
1886,9533084434,EMVX100,EMVX1,1,65
1887,9533084434,EMWA100,EMWA1,4,65
1888,9533084434,ESSA100,ESSA1,1,210
1889,9533084434,EVMA1R2,EVMA3,12,475
1890,9533084434,EZSA100,EZSA1,1,105
1891,9533084434,EZSA100,EZSA1,1,105
1892,9533084434,FDNA1R0,FDNA0,4,899
1893,9533084434,FDNB1R0,FDNB0,4,899
1894,9533084434,FPEK1R1,FPEK3,1,850
1895,9533084434,FPRA2R0,FPLC3,12,250
1896,9533084434,FSLJ1R0,FSLJ2,1,999
1897,9533084434,FSLP1R0,FSLP4,1,750
1898,9533084434,FSMO1R0,FSMO4,2,230
1899,9533084434,IXDA100,IXDA1,1,599
1900,9533084434,IXDB100,IXDB1,1,599
1901,9533084434,JPXA100,JPXA1,2,130
1902,9533084434,JPXG100,JPXG1,3,130
1903,9533084434,JPXH100,JPXH1,3,130
1904,9533084434,JPXI100,JPXI1,3,130
1905,9533084434,JPXP100,JPXP1,3,130
1906,9533084434,JPXR100,JPXR1,2,130
1907,9533084434,JPXS100,JPXS1,2,130
1908,9533084434,JPXT100,JPXT1,2,130
1909,9533084434,JPXU100,JPXU1,3,130
1910,9533084434,JPXW100,JPXW1,3,130
1911,9533084434,KAJE1R0,KAJC0,58,210
1912,9533084434,KAKA1R0,KAJD0,12,299
1913,9533084434,LCLE1R0,LCLF4,2,429
1914,9533084434,LCLF1R0,LCLF9,2,450
1915,9533084434,LCLG1R0,LCLF5,2,429
1916,9533084434,LCLH1R0,LCLF6,2,450
1917,9533084434,LCLI1R0,LCLG2,2,450
1918,9533084434,LCLL1R0,LCLG4,2,429
1919,9533084434,LCLM1R0,LCLM2,2,450
1920,9533084434,LCLP1R0,LCLE8,2,450
1921,9533084434,LCLQ1R0,LCLF7,2,429
1922,9533084434,LCLR1R0,LCLE2,2,450
1923,9533084434,LCLU1R0,LCLF8,1,450
1924,9533084434,LCLV1R0,LCLE5,2,429
1925,9533084434,LCMM1R0,LCLE6,1,429
1926,9533084434,LCMM1R0,LCLE6,1,429
1927,9533084434,LCMO1R0,LCLF0,2,450
1928,9533084434,LCMQ1R0,LCLE3,2,429
1929,9533084434,LCMR1R0,LCMR2,2,450
1930,9533084434,LCNN1R0,LCNN0,2,450
1931,9533084434,LCRA1R0,LCRH7,2,399
1932,9533084434,LCRO1R1,LCRH5,2,399
1933,9533084434,LCUZ100,LCUZ1,1,349
1934,9533084434,LDAA100,LDAA1,2,269
1935,9533084434,LDAB100,LDAB1,2,249
1936,9533084434,LEBB1R7,LEBG6,2,499
1937,9533084434,LEBN100,LEBN1,1,375
1938,9533084434,LEBO100,LEBO1,1,375
1939,9533084434,LECB1R0,LEBF8,2,325
1940,9533084434,LEQL1R2,LELH0,1,375
1941,9533084434,LEQM1R2,LELP0,1,375
1942,9533084434,LEQN1R3,LEQN3,1,375
1943,9533084434,LEQR1R2,LELO0,1,375
1944,9533084434,LEQX1R3,LEQX2,1,375
1945,9533084434,LERE1R3,LERE2,1,375
1946,9533084434,LERG1R3,LERG2,1,349
1947,9533084434,LERJ1R3,LERJ2,1,375
1948,9533084434,LERL1R3,LERL2,1,375
1949,9533084434,LFMN1R0,LFMN2,1,649
1950,9533084434,LFMO1R0,LFMO2,1,649
1951,9533084434,LFMP1R0,LFMP4,1,649
1952,9533084434,LFMQ1R0,LFMQ4,1,649
1953,9533084434,LFWJ2R0,LWFD4,2,130
1954,9533084434,LFWX1R1,LCTZ4,1,475
1955,9533084434,LFWY1R1,LCTZ2,1,649
1956,9533084434,LFXN100,LFXN1,1,399
1957,9533084434,LGBA2R0,LGBA0,1,975
1958,9533084434,LIOB1R2,LIPG4,1,160
1959,9533084434,LIOD1R1,LIPD2,1,160
1960,9533084434,LIOH1R2,LIPH6,1,160
1961,9533084434,LIOI1R1,LIPF5,1,160
1962,9533084434,LIOK1R2,LIOF5,1,160
1963,9533084434,LIOQ1R1,LIOI5,1,160
1964,9533084434,LIOT1R2,LIOI8,1,160
1965,9533084434,LIOY1R1,LIOY5,1,160
1966,9533084434,LIPF1R0,LIPF6,1,160
1967,9533084434,LIPK1R0,LIPK3,1,160
1968,9533084434,LIPM1R0,LIPM3,1,160
1969,9533084434,LIPV1R0,LIPV3,1,160
1970,9533084434,LIPX1R0,LIPX3,1,160
1971,9533084434,LISE2R0,LWFD5,2,269
1972,9533084434,LJSC1R3,LJSC5,2,190
1973,9533084434,LJSD1R3,LJSD3,2,190
1974,9533084434,LLOF1R0,LLOF0,12,249
1975,9533084434,LLOG1R0,LLOG0,4,249
1976,9533084434,LLOH1R0,LLOH0,4,249
1977,9533084434,LLOI1R0,LLOI0,4,249
1978,9533084434,LLOK1R0,LLOK0,2,249
1979,9533084434,LLOK1R0,LLOK0,4,249
1980,9533084434,LLOL1R0,LLOL0,12,249
1981,9533084434,LLUS1R0,LLUS2,1,650
1982,9533084434,LLUZ1R0,LLUZ2,1,650
1983,9533084434,LLVB1R0,LLVB2,1,650
1984,9533084434,LLVD1R1,LLVR7,1,650
1985,9533084434,LLVE1R0,LLVE2,1,650
1986,9533084434,LLVF1R0,LLVF2,1,650
1987,9533084434,LLVR1R1,LLVR2,1,650
1988,9533084434,LLVS1R0,LLVS2,1,650
1989,9533084434,LLVT1R0,LLVT2,1,650
1990,9533084434,LLVV1R1,LLVR5,1,650
1991,9533084434,LMMT1R0,LMMO3,1,545
1992,9533084434,LNWA100,LNWA1,4,150
1993,9533084434,LPRE1R6,LPRI7,2,599
1994,9533084434,LPRJ1R7,LPRK0,1,649
1995,9533084434,LPSX100,LPSX1,1,295
1996,9533084434,LPTC100,LPTC1,2,295
1997,9533084434,LPZX100,LPZX2,2,199
1998,9533084434,LSEL1R6,LSEL0,4,299
1999,9533084434,LSEM1R6,LSEM0,2,475
2000,9533084434,LSEN1R5,LSEN4,4,369
2001,9533084434,LSEP1R5,LSEP0,2,625
2002,9533084434,LSEQ1R3,LSEQ3,6,349
2003,9533084434,LSEW1R3,LSEW3,2,625
2004,9533084434,LSFE1R6,LSFE6,2,575
2005,9533084434,LSPE100,LSPE1,2,649
2006,9533084434,LWFC1R0,LWGC0,1,100
2007,9533084434,LWFD1R0,LWGD0,1,100
2008,9533084434,LWFN1R3,LWFD3,2,269
2009,9533084434,LYIA1R6,LYIZ4,2,999
2010,9533084434,MPFA100,MPFA1,3,299
2011,9533084434,MPFB100,MPFB1,3,299
2012,9533084434,MPFC100,MPFC1,3,299
2013,9533084434,MPFG100,MPFG1,3,299
2014,9533084434,MPSA100,MPSA1,1,450
2015,9533084434,MPSB100,MPSB1,1,450
2016,9533084434,MPSC100,MPSC1,1,450
2017,9533084434,MPSD100,MPSD1,1,450
2018,9533084434,MPSK100,MPSK1,1,450
2019,9533084434,MPSL100,MPSL1,1,450
2020,9533084434,MPSM100,MPSM1,1,450
2021,9533084434,MPSN100,MPSN1,1,450
2022,9533084434,MPSO100,MPSO1,1,450
2023,9533084434,MPSP100,MPSP1,1,450
2024,9533084434,MPSQ100,MPSQ1,1,450
2025,9533084434,MPSR100,MPSR1,1,450
2026,9533084434,MPSS100,MPSS1,1,450
2027,9533084434,MPST100,MPST1,1,450
2028,9533084434,NERB1R2,NERB3,12,105
2029,9533084434,PLOA100,PLOA1,1,650
2030,9533084434,PLOM100,PLOM1,1,650
2031,9533084434,PLOP100,PLOP1,1,650
2032,9533084434,PLOQ100,PLOQ1,1,650
2033,9533084434,PLPB100,PLPB1,1,650
2034,9533084434,PLPC100,PLPC1,1,650
2035,9533084434,PLPD100,PLPD1,1,650
2036,9533084434,PLPF100,PLPF1,1,650
2037,9533084434,QDEB1R0,QDEB4,24,190
2038,9533084434,RCCM5R0,RCCN6,3,650
2039,9533084434,RCCM7R0,RCCM0,3,650
2040,9533084434,RCCM8R2,RCCN0,3,650
2041,9533084434,RCCO1R0,RCCE0,12,240
2042,9533084434,RCCP1R0,RCCD8,12,260
2043,9533084434,RCCR1R0,RCCD7,12,260
2044,9533084434,RCCS1R0,RCCD0,6,260
2045,9533084434,RCCU1R0,RCCD6,12,260
2046,9533084434,SLCA1R0,SLCA0,3,249
2047,9533084434,SLCB1R0,SLCB0,2,249
2048,9533084434,SLCD1R0,SLCD0,3,249
2049,9533084434,SVCB100,SVCB1,2,380
2050,9533084434,SVCC100,SVCC1,1,380
2051,9533084434,SVCD100,SVCD1,2,380
2052,9533084434,SVCE100,SVCE1,2,380
2053,9533084434,TWNX3R0,TWNX4,2,150
2054,9533084434,TWNZ1R0,TWNZ0,2,150
2055,9533084434,TWNZ4R0,TWMA8,2,150
2056,9533084434,TWNZ6R0,TWMA2,2,150
2057,9533084434,TWNZ7R0,TWMA3,2,150
2058,9533084434,TWNZ8R0,TWMA4,2,150
2059,9533084434,TWNZ9R0,TWMA5,2,150
2060,9533084434,TWOY1R0,TWOY0,2,150
2061,9533084434,TWPR1R1,TWUX4,2,199
2062,9533084434,TWQP1R1,TWUW7,2,189
2063,9533084434,TWQU1R1,TWUW8,2,199
2064,9533084434,TWTX1R0,TWTX2,2,150
2065,9533084434,TWTY1R0,TWTY2,2,150
2066,9533084434,TWUW1R1,TWUW2,2,199
2067,9533084434,TWUY1R0,TWUY2,2,150
2068,9533084434,TWVX1R0,TWVX2,2,150
2069,9533084434,TWVY1R0,TWVY2,2,140
2070,9533084434,TWVZ1R0,TWVZ2,2,150
2071,9533084434,TWWO1R0,TWWO2,2,150
2072,9533084434,TWWP1R0,TWWP2,2,150
2073,9533084434,TWWQ1R0,TWWQ2,2,150
2074,9533084434,TWWR1R0,TWWR2,2,150
2075,9533084434,TWXI1R0,TWXI2,1,150
2076,9533084434,TWXI1R0,TWXI2,1,150
2077,9533084434,TWXJ1R0,TWXJ2,2,140
2078,9533084434,TWXN1R0,TWXN2,1,150
2079,9533084434,TWXO1R0,TWXO2,2,150
2080,9533084434,TWXP1R0,TWXP2,2,140
2081,9533084434,UMRA100,UMRA1,2,299
2082,9533084434,UMRB100,UMRB1,2,299
2083,9533084434,UMRC100,UMRC1,2,299
2084,9533084434,UMRD100,UMRD1,2,299
2085,9533084434,UMRE100,UMRE1,2,299
2086,9533084434,UMRF100,UMRF1,2,299
2087,9533084434,UMUD1R2,UMUZ6,2,225
2088,9533084434,UMUD2R2,UMUZ5,12,225
2089,9533084434,UMUD3R3,UMUY4,1,225
2090,9533084434,UMUD3R3,UMUY4,11,225
2091,9533084434,UMUD4R2,UMUZ7,12,225
2092,9533084434,UMUG1R2,UMUZ9,1,399
2093,9533084434,UMUG1R2,UMUZ9,1,399
2094,9533084434,UMUI1R2,UMUZ8,1,399
2095,9533084434,UMUI1R2,UMUZ8,1,399
2096,9533084434,UMUL1R1,UMUY2,2,399
2097,9533084434,UMUL1R3,UMUY3,2,399
2098,9533084434,UMUO1R0,UMUI3,1,699
2099,9533084434,UMUP1R0,UMUI4,1,699
2100,9533084434,UMUQ1R0,UMUC0,1,699
2101,9533084434,UMUV1R0,UMUI0,1,699
2102,9533084434,UMUW1R0,UMUB0,1,699
2103,9533084434,UMVN1R0,UMUA0,1,699
2104,9533084434,UMVR1R0,UMVR2,1,699
2105,9533084434,UMVS1R0,UMVS2,1,650
2106,9533084434,UMVT1R0,UMVT2,1,699
2107,9533084434,UMWU1R0,UMWU2,1,699
2108,9533084434,UMWY1R1,UMUZ3,12,225
2109,9533084434,UMWZ1R1,UMUZ2,12,225
2110,9533084434,VCCH100,VCCH1,1,300
2111,9533084434,VCCI100,VCCI1,1,330
2112,9533084434,VCCJ100,VCCJ1,1,330
2113,9533084434,VSTA100,VSTA1,2,430
2114,9533084434,VSTB100,VSTB1,2,399
2115,9533084434,VSTC100,VSTC1,2,399
2116,9533084434,VSTD100,VSTD1,2,430
2117,9533084434,VSTG100,VSTG1,2,430
2118,9533084434,VSTH100,VSTH1,2,430
2119,9533084434,VSTK100,VSTK1,1,399
2120,9533084434,VSTL100,VSTL1,2,399
2121,9533084434,YVCA100,YVCA1,2,350
2122,9533084434,YVCC100,YVCC1,2,350
2123,9533084434,YVCD100,YVCD1,2,350
2124,9533084434,YVCF100,YVCF1,2,350
2125,9533089057,CCBD100,CCBD1,1,135
2126,9533089057,CCBD100,CCBD1,7,135
2127,9533089057,DDBD100,DDBD1,1,749
2128,9533089057,DWXG1R0,DWXG2,1,650
2129,9533089057,EBPA1R0,EBPA4,4,99
2130,9533089057,ECOF100,ECOF1,2,130
2131,9533089057,ECOH100,ECOH1,1,130
2132,9533089057,EFOE100,EFOE1,1,120
2133,9533089057,EFOF100,EFOF1,1,120
2134,9533089057,EFOG100,EFOG1,1,120
2135,9533089057,ELFF1R2,ELEB5,7,105
2136,9533089057,ELFI1R0,LPMA9,1,625
2137,9533089057,ELFK1R0,LPMA4,1,625
2138,9533089057,ELLA1R1,ELLA4,4,299
2139,9533089057,ELVW100,ELVW1,3,65
2140,9533089057,ELWN100,ELWN1,2,65
2141,9533089057,ELWQ100,ELWQ1,4,65
2142,9533089057,ELWR100,ELWR1,3,65
2143,9533089057,ELWU100,ELWU1,3,65
2144,9533089057,EMBV1R0,EMBV4,2,125
2145,9533089057,EMBX1R0,EMBX3,1,125
2146,9533089057,EMDP100,EMDP2,4,120
2147,9533089057,EMDQ1R0,EMDQ3,2,125
2148,9533089057,EMEG1R0,EMEG3,1,125
2149,9533089057,EMNX100,EMNX1,1,65
2150,9533089057,EMNY100,EMNY1,1,65
2151,9533089057,EMNZ100,EMNZ1,1,65
2152,9533089057,EMOZ100,EMOZ1,1,65
2153,9533089057,EMPR100,EMPR1,3,65
2154,9533089057,EMPS100,EMPS1,3,65
2155,9533089057,EMPT100,EMPT1,3,65
2156,9533089057,EMPU100,EMPU1,2,65
2157,9533089057,EMPV100,EMPV1,3,65
2158,9533089057,EMPW100,EMPW1,2,65
2159,9533089057,EMPZ100,EMPZ1,1,65
2160,9533089057,EMQN100,EMQN1,3,65
2161,9533089057,EMQO100,EMQO1,3,65
2162,9533089057,EMQP100,EMQP1,1,65
2163,9533089057,EMQP100,EMQP1,2,65
2164,9533089057,EMQU100,EMQU1,2,65
2165,9533089057,EMQV100,EMQV1,1,65
2166,9533089057,EMQV100,EMQV1,2,65
2167,9533089057,EMQW100,EMQW1,1,65
2168,9533089057,EMRN100,EMRN1,3,65
2169,9533089057,EMRO100,EMRO1,1,65
2170,9533089057,EMRP100,EMRP1,3,65
2171,9533089057,EMRQ100,EMRQ1,1,65
2172,9533089057,EMRS100,EMRS1,3,65
2173,9533089057,EMSQ100,EMSQ1,5,65
2174,9533089057,EMSR100,EMSR1,5,65
2175,9533089057,EMSS100,EMSS1,6,65
2176,9533089057,EMSU100,EMSU1,4,65
2177,9533089057,EMSV100,EMSV1,1,65
2178,9533089057,EMSW100,EMSW1,3,65
2179,9533089057,EMSX100,EMSX1,3,65
2180,9533089057,EMSY100,EMSY1,3,65
2181,9533089057,EMSZ100,EMSZ1,2,65
2182,9533089057,EMSZ100,EMSZ1,1,65
2183,9533089057,EMUQ100,EMUQ1,1,65
2184,9533089057,EMUR100,EMUR1,1,65
2185,9533089057,EMVN100,EMVN1,1,65
2186,9533089057,ENEO100,ENEO1,3,90
2187,9533089057,ENES100,ENES1,1,90
2188,9533089057,ENET100,ENET1,2,90
2189,9533089057,FDNC1R0,FDNC0,2,350
2190,9533089057,FSLH1R0,FSLH2,1,999
2191,9533089057,JPXB100,JPXB1,1,130
2192,9533089057,JPXC100,JPXC1,1,130
2193,9533089057,JPXD100,JPXD1,1,130
2194,9533089057,JPXE100,JPXE1,1,130
2195,9533089057,JPXF100,JPXF1,1,130
2196,9533089057,KAKA1R0,KAJD0,2,299
2197,9533089057,LCLZ1R0,LCLZ0,1,450
2198,9533089057,LCNH1R0,LCNH2,1,429
2199,9533089057,LCNJ1R0,LCNJ2,1,429
2200,9533089057,LCNQ1R0,LCNQ0,1,429
2201,9533089057,LCRA1R0,LCRH7,1,399
2202,9533089057,LCRN1R1,LCRH4,1,399
2203,9533089057,LCRO1R1,LCRH5,1,399
2204,9533089057,LCSR1R0,LCTY3,1,349
2205,9533089057,LCTC100,LCTC1,1,549
2206,9533089057,LCTD100,LCTD1,1,549
2207,9533089057,LCTS1R0,LCRH9,1,399
2208,9533089057,LCTU1R0,LCTY2,1,649
2209,9533089057,LCZY100,LCZY1,1,329
2210,9533089057,LEBA1R2,LEBG2,1,849
2211,9533089057,LEBB1R7,LEBG6,1,499
2212,9533089057,LEBZ100,LEBZ1,1,399
2213,9533089057,LECB1R0,LEBF8,1,325
2214,9533089057,LEQF1R2,LELJ0,1,375
2215,9533089057,LEQG1R2,LELI0,1,375
2216,9533089057,LEQI1R2,LELN0,1,375
2217,9533089057,LEQJ1R3,LEQJ3,1,375
2218,9533089057,LEQK1R3,LEQK3,1,375
2219,9533089057,LEQM1R2,LELP0,1,375
2220,9533089057,LEQO1R3,LEQO3,1,375
2221,9533089057,LEQS1R3,LEQS3,1,375
2222,9533089057,LEQU1R2,LELK0,1,375
2223,9533089057,LEQY1R3,LEQY2,1,375
2224,9533089057,LERF1R3,LERF2,1,375
2225,9533089057,LERK1R3,LERK2,1,375
2226,9533089057,LERL1R3,LERL2,1,375
2227,9533089057,LERN1R2,LELM0,1,375
2228,9533089057,LERO1R2,LELL0,1,375
2229,9533089057,LFWW1R1,LCTZ3,1,449
2230,9533089057,LFWX1R1,LCTZ4,1,475
2231,9533089057,LLOG1R0,LLOG0,2,249
2232,9533089057,LLOH1R0,LLOH0,1,249
2233,9533089057,LLOI1R0,LLOI0,4,249
2234,9533089057,LLOK1R0,LLOK0,1,249
2235,9533089057,LNWA100,LNWA1,4,150
2236,9533089057,LPSR100,LPSR1,1,575
2237,9533089057,LPSX100,LPSX1,1,295
2238,9533089057,LPZY100,LPZY1,1,799
2239,9533089057,LPZZ100,LPZZ2,1,349
2240,9533089057,LSEP1R5,LSEP0,1,625
2241,9533089057,LSEQ1R3,LSEQ3,4,349
2242,9533089057,LSET1R0,LSET0,1,175
2243,9533089057,LSEW1R3,LSEW3,1,625
2244,9533089057,LSFU100,LSFU1,1,499
2245,9533089057,LWFW1R0,LWFW0,1,100
2246,9533089057,LYIA1R6,LYIZ4,1,999
2247,9533089057,LYIC1R6,LYIZ5,1,1099
2248,9533089057,LYIW100,LYIW1,1,899
2249,9533089057,LYIX100,LYIX1,1,775
2250,9533089057,LYIZ100,LYIZ1,1,749
2251,9533089057,MPFD100,MPFD1,1,299
2252,9533089057,OEZA100,OEZA1,9,275
2253,9533089057,QDEB1R0,QDEB4,6,190
2254,9533089057,QQNA100,QQNA1,1,299
2255,9533089057,QQNC100,QQNC1,1,299
2256,9533089057,RCCS1R0,RCCD0,3,260
2257,9533089057,RCCU1R0,RCCD6,1,260
2258,9533089057,SLCA1R0,SLCA0,2,249
2259,9533089057,SLCB1R0,SLCB0,2,249
2260,9533089057,SLCD1R0,SLCD0,1,249
2261,9533089057,SVCC100,SVCC1,1,380
2262,9533089057,TWNX1R0,TWNX0,1,150
2263,9533089057,TWNZ1R0,TWNZ0,1,150
2264,9533089057,TWNZ2R0,TWMA6,1,150
2265,9533089057,TWNZ3R0,TWMA7,1,150
2266,9533089057,TWNZ4R0,TWMA8,1,150
2267,9533089057,TWNZ5R0,TWMA0,1,150
2268,9533089057,TWNZ6R0,TWMA2,1,150
2269,9533089057,TWOX1R0,TWOX0,1,150
2270,9533089057,TWOZ1R0,TWOZ0,1,150
2271,9533089057,TWTZ1R0,TWTZ2,1,150
2272,9533089057,TWVT1R0,TWVT2,1,150
2273,9533089057,TWVW1R0,TWVW2,1,150
2274,9533089057,TWWN1R0,TWWN2,1,150
2275,9533089057,TWXK1R0,TWXK2,1,140
2276,9533089057,TWXL1R0,TWXL2,1,140
2277,9533089057,TWXM1R0,TWXM2,1,150
2278,9533089057,TWXP1R0,TWXP2,1,140
2279,9533089057,UCSX100,UCSX1,1,199
2280,9533089057,UCTP100,UCTP1,1,215
2281,9533089057,UCTQ100,UCTQ1,1,215
2282,9533089057,UELB1R0,UELB0,1,650
2283,9533089057,UGEB100,UGEB1,1,425
2284,9533089057,UGSA100,UGSA1,1,350
2285,9533089057,UGSB100,UGSB1,1,350
2286,9533089057,UGSC100,UGSC1,1,350
2287,9533089057,UGSE100,UGSE1,1,350
2288,9533089057,UGSF100,UGSF1,1,350
2289,9533089057,UGSG100,UGSG1,1,350
2290,9533089057,UGSI100,UGSI1,1,350
2291,9533089057,UGSJ100,UGSJ1,1,350
2292,9533089057,UGSK100,UGSK1,1,350
2293,9533089057,ULLB1R0,ULLC8,1,299
2294,9533089057,ULLB2R0,ULLB0,1,299
2295,9533089057,ULMM1R2,ULMM2,3,475
2296,9533089057,ULMO1R2,ULMO2,1,299
2297,9533089057,ULMQ1R2,ULMQ2,1,299
2298,9533089057,ULMR1R2,ULMR2,1,299
2299,9533089057,ULMS100,ULMS1,1,270
2300,9533089057,ULMT100,ULMT1,1,270
2301,9533089057,ULMU1R2,ULMU2,1,299
2302,9533089057,UMUD1R2,UMUZ6,3,225
2303,9533089057,UMUD3R3,UMUY4,2,225
2304,9533089057,VCCI100,VCCI1,1,330
2305,9533089057,VCCJ100,VCCJ1,1,330
2306,9533089057,VCCK100,VCCK1,1,330
2307,9533089057,VSSM100,VSSM1,2,325
2308,9533089057,WCTJ1R0,WCTJ0,1,850
2309,9533089057,XGPA1R0,XGPA2,1,899
2310,9533089057,XLGJ100,XLGJ1,1,190
2311,9533089057,XLGK100,XLGK1,1,190
2312,9533089057,XLGM100,XLGM1,1,175
2313,9533089057,XLGN100,XLGN1,1,190
2314,9533089057,XLGO100,XLGO1,1,190
2315,9533089057,XLGP100,XLGP1,1,190
2316,9533089057,XPHC100,XPHC1,1,299
2317,9533089057,YIKB100,YIKB1,1,650
2318,9533089057,YVCB100,YVCB1,1,350
2319,9533089057,YVCE100,YVCE1,1,350
2320,9533090242,DWXD1R0,DWXD2,1,699
2321,9533090242,DWXF1R0,DWXF2,1,699
2322,9533090242,ECOF100,ECOF1,1,130
2323,9533090242,ECOG100,ECOG1,1,130
2324,9533090242,ECOG100,ECOG1,1,130
2325,9533090242,EFOE100,EFOE1,1,120
2326,9533090242,EFOF100,EFOF1,1,120
2327,9533090242,ELFF1R2,ELEB5,1,105
2328,9533090242,EMCX1R0,EMCX4,2,125
2329,9533090242,EMCY1R0,EMCY5,1,125
2330,9533090242,EMDT100,EMDT0,2,120
2331,9533090242,EMDU100,EMDU2,1,120
2332,9533090242,EMDW100,EMDW2,1,120
2333,9533090242,EMEC1R0,EMEC4,1,125
2334,9533090242,EMPR100,EMPR1,2,65
2335,9533090242,EMPS100,EMPS1,4,65
2336,9533090242,EMUL100,EMUL1,4,70
2337,9533090242,ENES100,ENES1,1,90
2338,9533090242,ESDD1R1,ESDB0,1,675
2339,9533090242,ESSA100,ESSA1,1,210
2340,9533090242,FDNC1R0,FDNC0,1,350
2341,9533090242,KBJA1R0,KAJZ4,1,950
2342,9533090242,LCLL1R0,LCLG4,1,429
2343,9533090242,LCSR1R0,LCTY3,1,349
2344,9533090242,LCSW100,LCSW1,1,399
2345,9533090242,LCTB1R2,LCTB0,1,249
2346,9533090242,LEBR1R1,LEBC6,1,925
2347,9533090242,LEQH1R3,LEQH3,1,375
2348,9533090242,LEQL1R2,LELH0,1,375
2349,9533090242,LEQN1R3,LEQN3,1,375
2350,9533090242,LEQP1R3,LEQP3,1,375
2351,9533090242,LFME1R0,LFME0,1,975
2352,9533090242,LLOG1R0,LLOG0,1,249
2353,9533090242,LLOH1R0,LLOH0,1,249
2354,9533090242,LPRI1R5,LPRI6,1,575
2355,9533090242,LSEM1R6,LSEM0,2,475
2356,9533090242,LSET1R0,LSET0,1,175
2357,9533090242,LSFE1R6,LSFE6,1,625
2358,9533090242,LWFB1R0,LWGB0,1,100
2359,9533090242,LWFC1R0,LWGC0,1,100
2360,9533090242,LWHC100,LWHC1,1,150
2361,9533090242,LWHD100,LWHD1,1,150
2362,9533090242,LYIZ100,LYIZ1,1,749
2363,9533090242,MPSA100,MPSA1,3,450
2364,9533090242,MPSB100,MPSB1,3,450
2365,9533090242,MPSH100,MPSH1,2,450
2366,9533090242,MPSK100,MPSK1,3,450
2367,9533090242,MPSL100,MPSL1,5,450
2368,9533090242,NERB1R2,NERB3,2,105
2369,9533090242,PLOM100,PLOM1,5,650
2370,9533090242,QDEB1R0,QDEB4,4,190
2371,9533090242,RCCU1R0,RCCD6,2,260
2372,9533090242,SLCD1R0,SLCD0,1,249
2373,9533090242,UELB1R0,UELB0,1,650
2374,9533090242,UMUD3R3,UMUY4,1,225
2375,9533090242,XICF100,XICF1,1,650
2376,9533090242,XICR100,XICR1,1,650
2377,9533090242,XLMA100,XLMA1,1,325
2378,9533090242,XLMB100,XLMB1,1,349
2379,9533090242,XLMC100,XLMC1,1,375
2380,9533090242,ZSSB100,ZSSB1,1,375
2381,9533094513,IXDA100,IXDA1,5,599
2382,9533094513,IXDD100,IXDD1,1,599
2383,9533094513,MPSC100,MPSC1,1,450
2384,9533094513,MPSD100,MPSD1,1,450
2385,9533094513,MPSM100,MPSM1,6,450
2386,9533094513,MPSO100,MPSO1,6,450
2387,9533094513,MPSP100,MPSP1,3,450
2388,9533094513,MPSQ100,MPSQ1,3,450
2389,9533094513,MPSR100,MPSR1,3,450
2390,9533094513,MPSS100,MPSS1,3,450
2391,9533094513,MPST100,MPST1,3,450
2392,9533094513,PLOQ100,PLOQ1,2,650
2393,9533094513,PLPB100,PLPB1,3,650
2394,9533094513,PLPC100,PLPC1,3,650
2395,9533094513,PLPF100,PLPF1,3,650
